日期,UV,PV,Visit,访问深度,停留时间,跳出率,退出率,产品页转化率,订单量,GMV,平均订单金额,订单转化率,订单有效率,支付转化率,广告曝光量,广告点击率,到达率,广告转化率,注册会员数,激活会员数,购买会员数,可营销会员数
2023/1/1,8347,25974,39619,6,4,4.92%,2.53%,2.98%,3720 ,20960,6,4.05%,2.47%,4.95%,30953,4.14%,4.67%,2.29%,1301,1064,561,3623
2023/1/2,8044,27921,34841,8,5,3.06%,2.59%,4.93%,3252 ,22255,7,2.64%,2.33%,4.41%,38111,3.88%,4.00%,4.36%,1366,1067,567,4221
2023/1/3,9644,23940,38341,9,4,3.62%,4.29%,3.41%,3769 ,23558,6,3.08%,3.51%,4.14%,34662,3.51%,3.86%,2.19%,1490,1085,684,3910
2023/1/4,9700,24839,38385,6,4,3.40%,3.64%,4.98%,3396 ,21025,6,2.14%,2.40%,2.56%,30578,4.29%,3.93%,2.68%,1207,843,538,4343
2023/1/5,9986,29085,35649,6,4,4.31%,4.96%,2.15%,3510 ,24142,7,2.08%,4.32%,2.61%,34059,3.07%,2.64%,4.07%,1175,939,599,3996
2023/1/6,8809,24828,36832,5,4,2.11%,4.66%,4.92%,3552 ,20580,6,2.30%,2.29%,3.25%,35692,3.59%,3.03%,3.42%,1465,1014,508,3466
2023/1/7,8766,24356,36528,9,5,2.98%,2.70%,2.74%,3839 ,24708,6,4.99%,4.81%,4.64%,36869,2.52%,4.78%,2.22%,1386,978,558,4748
2023/1/8,9528,27124,30514,8,3,2.30%,3.88%,2.65%,3762 ,24658,7,3.22%,4.09%,2.13%,35929,2.72%,4.64%,2.48%,1021,1081,680,4821
2023/1/9,7513,27666,30315,5,4,2.09%,3.89%,2.23%,3231 ,22192,7,3.70%,3.97%,3.19%,38490,4.19%,3.63%,3.46%,1132,1010,610,4999
2023/1/10,7528,23658,35588,8,5,4.94%,4.07%,2.32%,3112 ,22746,7,3.26%,3.59%,2.72%,30261,3.58%,3.77%,2.08%,1345,834,659,4856
2023/1/11,8131,21644,32830,10,4,3.95%,3.62%,2.62%,3172 ,24566,8,3.60%,4.16%,3.04%,32309,4.52%,4.03%,4.76%,1186,1064,632,4001
2023/1/12,8691,26600,39389,9,4,2.83%,3.81%,2.51%,3625 ,22349,6,4.20%,4.17%,3.92%,38721,4.55%,3.11%,3.20%,1157,995,601,4354
2023/1/13,7431,20400,33157,8,3,2.20%,2.23%,4.62%,3757 ,20359,5,4.95%,3.97%,3.14%,30114,2.57%,2.62%,3.39%,1217,938,512,3290
2023/1/14,9399,21831,30805,7,3,4.15%,3.91%,4.11%,3650 ,23308,6,3.29%,4.48%,4.54%,38891,3.95%,2.63%,3.77%,1343,837,681,3305
2023/1/15,8548,26527,31279,8,3,4.83%,4.64%,3.69%,3468 ,23165,7,2.30%,2.11%,2.64%,34880,2.91%,3.26%,2.60%,1218,1010,606,3653
2023/1/16,8473,25569,30645,8,4,3.10%,4.98%,4.94%,3775 ,24429,6,2.12%,2.35%,2.57%,34817,4.46%,3.28%,2.08%,1057,997,641,3446
2023/1/17,8570,24177,32801,6,4,2.21%,2.33%,2.28%,3217 ,21584,7,4.74%,2.89%,4.65%,38518,3.05%,2.23%,4.36%,1051,1019,524,4865
2023/1/18,8073,20061,31041,9,4,4.96%,4.52%,3.78%,3873 ,23145,6,3.53%,2.60%,3.52%,35124,4.23%,2.63%,2.98%,1172,860,655,3831
2023/1/19,8408,26345,38064,6,3,2.44%,3.01%,2.74%,3756 ,21483,6,2.32%,3.69%,2.57%,36665,3.86%,2.22%,4.90%,1339,1030,668,3565
2023/1/20,8227,26007,36457,10,5,2.85%,4.55%,3.80%,3301 ,24363,7,3.05%,4.96%,2.80%,35630,2.04%,2.54%,3.57%,1434,1037,554,3571
2023/1/21,7032,26864,34141,8,4,3.09%,4.61%,3.84%,3804 ,22797,6,4.49%,3.46%,2.43%,37719,4.90%,4.07%,4.40%,1251,1069,512,3216
2023/1/22,8416,22626,35916,9,3,4.48%,2.75%,4.07%,3322 ,24094,7,3.46%,4.23%,3.14%,39652,3.63%,4.16%,4.11%,1326,1085,601,3285
2023/1/23,7106,29276,35460,10,4,2.23%,2.66%,2.71%,3628 ,22528,6,2.52%,2.02%,3.58%,31143,4.93%,4.27%,2.63%,1429,1063,575,4431
2023/1/24,7447,21286,35679,6,5,4.68%,2.64%,2.59%,3956 ,22703,6,3.41%,2.97%,3.44%,31753,3.68%,3.13%,3.77%,1313,931,560,3230
2023/1/25,8004,28386,34858,9,5,3.42%,4.89%,3.02%,3927 ,20516,5,3.01%,4.65%,3.80%,32026,3.59%,3.33%,4.55%,1485,992,698,4583
2023/1/26,9573,28397,38236,7,5,2.88%,4.33%,4.33%,3590 ,24957,7,3.62%,2.37%,2.13%,38164,2.40%,3.34%,2.47%,1027,1041,617,3612
2023/1/27,9567,23782,37830,5,4,3.22%,2.92%,2.32%,3810 ,22112,6,4.69%,3.30%,2.77%,32262,4.31%,4.26%,3.46%,1468,849,696,4546
2023/1/28,7341,28053,35407,10,4,2.53%,2.09%,3.47%,3830 ,22231,6,2.96%,2.74%,2.99%,30559,4.78%,2.76%,4.99%,1304,889,575,4374
2023/1/29,9553,23965,32614,9,4,2.78%,3.79%,3.95%,3393 ,21353,6,2.83%,4.29%,4.54%,35116,4.44%,2.25%,2.65%,1492,1040,667,3070
2023/1/30,7216,22465,38271,8,4,3.36%,2.85%,4.78%,3828 ,22698,6,3.91%,4.64%,3.42%,34868,2.04%,2.92%,2.32%,1183,1090,574,3373
2023/1/31,7136,29537,32871,9,4,4.71%,3.09%,2.17%,3465 ,23871,7,2.53%,2.53%,2.99%,35071,3.24%,3.68%,2.26%,1083,873,577,3691
2023/2/1,7842,24543,35545,10,3,4.93%,3.83%,4.80%,3577 ,22286,6,2.42%,2.89%,2.94%,39494,4.88%,3.65%,4.93%,1278,947,667,4970
2023/2/2,7567,20553,37092,7,5,3.49%,3.08%,2.80%,3130 ,20141,6,4.20%,3.18%,3.63%,39088,3.07%,2.99%,4.41%,1480,915,609,3235
2023/2/3,7479,29706,34029,6,4,3.81%,2.15%,2.58%,3344 ,23017,7,2.26%,2.15%,3.59%,34210,3.31%,2.65%,2.81%,1383,811,676,3908
2023/2/4,8895,22895,39311,5,5,2.20%,3.91%,3.94%,3912 ,24769,6,3.82%,2.02%,2.94%,38816,2.74%,3.89%,4.09%,1072,888,581,3781
2023/2/5,7994,21916,34494,9,4,4.51%,2.69%,3.29%,3906 ,22962,6,2.38%,3.72%,4.54%,36470,2.06%,3.97%,3.43%,1286,1001,535,3881
2023/2/6,8443,20570,35041,8,4,3.28%,3.48%,4.79%,3402 ,24363,7,2.36%,4.74%,4.12%,35266,4.54%,2.60%,2.32%,1433,959,515,3952
2023/2/7,7645,22639,36757,6,4,4.77%,4.49%,2.69%,3698 ,24960,7,2.45%,3.90%,3.49%,30563,3.82%,3.49%,3.07%,1013,871,564,4587
2023/2/8,8971,21414,32655,7,5,2.77%,4.03%,3.12%,3265 ,23769,7,4.33%,2.65%,2.20%,35874,4.94%,3.74%,2.31%,1321,822,506,3547
2023/2/9,9309,25672,39420,7,4,3.70%,3.90%,4.75%,3175 ,20889,7,4.81%,5.00%,2.53%,34037,4.82%,2.71%,2.01%,1124,901,543,4141
2023/2/10,8372,25581,36497,6,4,2.86%,2.22%,4.40%,3999 ,24454,6,2.29%,4.62%,4.38%,36773,2.99%,4.89%,3.37%,1412,1080,502,4070
2023/2/11,9419,24204,35915,10,5,3.53%,2.31%,4.42%,3271 ,20258,6,3.54%,2.39%,4.50%,39314,3.54%,2.88%,2.63%,1478,947,663,3833
2023/2/12,7029,25160,36433,5,4,2.24%,2.43%,3.42%,3635 ,24315,7,3.08%,4.10%,2.49%,39273,3.79%,4.78%,3.53%,1477,895,563,4594
2023/2/13,8424,29286,36585,6,5,2.53%,4.92%,2.99%,3754 ,22761,6,3.59%,2.29%,3.64%,30946,2.01%,3.73%,2.56%,1305,875,667,3455
2023/2/14,8247,23182,32810,8,5,4.61%,4.67%,4.13%,3146 ,21845,7,3.63%,2.49%,4.39%,36356,4.82%,3.56%,2.43%,1002,811,648,3973
2023/2/15,8936,29405,34222,9,5,2.81%,2.39%,4.94%,3936 ,21124,5,4.62%,2.61%,4.71%,37218,4.51%,2.05%,3.96%,1196,958,640,4893
2023/2/16,9818,24474,32750,6,4,3.21%,4.45%,3.25%,3711 ,21811,6,2.79%,2.77%,4.40%,37450,4.77%,3.44%,4.17%,1055,1000,665,4980
2023/2/17,8246,23712,38198,6,3,4.50%,4.49%,4.04%,3613 ,20310,6,2.74%,4.85%,2.76%,30003,3.65%,3.16%,4.59%,1123,874,532,4985
2023/2/18,9658,28714,30523,5,4,4.57%,4.08%,4.71%,3594 ,24793,7,3.35%,4.37%,3.20%,31459,2.02%,2.87%,4.04%,1287,1001,509,3350
2023/2/19,7587,24715,33412,6,4,4.37%,4.36%,3.06%,3930 ,23160,6,4.61%,2.88%,4.66%,33971,4.65%,4.48%,2.54%,1329,881,556,3422
2023/2/20,7079,28464,39411,5,5,3.68%,3.30%,2.36%,3877 ,23292,6,3.20%,3.63%,4.22%,36387,2.33%,2.97%,2.74%,1097,979,654,3643
2023/2/21,8990,29986,36510,9,3,4.50%,3.60%,4.28%,3346 ,20513,6,2.51%,4.17%,2.39%,39671,3.64%,2.14%,2.15%,1477,855,671,4987
2023/2/22,7849,23605,32253,6,4,4.95%,4.70%,3.82%,3757 ,22597,6,4.05%,2.69%,4.62%,37528,2.16%,4.70%,4.67%,1455,1070,560,3616
2023/2/23,8708,29133,38059,6,5,3.78%,2.66%,4.32%,3250 ,24662,8,2.91%,4.15%,3.93%,36155,4.44%,2.11%,3.06%,1403,838,662,3074
2023/2/24,8460,26848,34258,7,4,3.27%,4.39%,3.20%,3650 ,22501,6,4.13%,4.26%,4.72%,37022,4.19%,3.54%,2.15%,1297,1040,501,4735
2023/2/25,7291,26080,33965,9,4,4.40%,3.70%,2.16%,3913 ,23655,6,2.66%,2.07%,4.66%,35842,2.06%,2.32%,4.16%,1172,864,627,4084
2023/2/26,8284,27712,36929,9,5,3.60%,3.44%,3.84%,3747 ,23359,6,3.07%,2.72%,4.46%,36685,2.22%,2.58%,3.22%,1413,822,668,4218
2023/2/27,8476,22950,37041,7,3,4.85%,4.28%,4.83%,3960 ,20534,5,2.95%,2.91%,4.21%,32540,2.32%,4.81%,2.99%,1378,1040,595,4828
2023/2/28,7795,22916,39000,9,5,2.61%,3.64%,4.58%,3554 ,20841,6,4.07%,4.86%,2.03%,37736,4.52%,4.44%,3.38%,1439,958,614,3361
2023/3/1,7184,28357,34755,8,3,2.77%,3.10%,4.42%,3625 ,23555,6,2.06%,2.43%,3.01%,30965,2.20%,2.28%,4.17%,1032,1012,541,3562
2023/3/2,8194,26447,30169,7,4,4.92%,3.82%,4.50%,3472 ,22248,6,2.94%,3.99%,3.63%,32946,4.94%,2.43%,4.40%,1002,895,538,3401
2023/3/3,9849,28440,39557,7,5,3.12%,4.80%,3.73%,3536 ,20761,6,2.37%,3.94%,2.17%,31010,4.22%,2.29%,3.06%,1463,890,578,3509
2023/3/4,7681,22672,32386,6,3,4.14%,4.13%,4.83%,3775 ,20279,5,4.25%,4.64%,4.67%,30042,2.65%,3.52%,2.16%,1077,866,504,4211
2023/3/5,7003,27107,35315,10,3,2.46%,2.33%,3.37%,3722 ,21633,6,4.74%,4.44%,4.84%,32825,3.13%,2.43%,3.75%,1411,995,676,4774
2023/3/6,7417,21461,30695,7,3,3.69%,3.51%,4.12%,3516 ,23115,7,2.28%,4.56%,4.31%,36764,4.67%,3.60%,2.20%,1113,808,662,4766
2023/3/7,9310,29782,36611,10,3,4.53%,3.17%,2.27%,3175 ,21331,7,3.44%,4.43%,2.74%,31200,4.11%,2.07%,2.96%,1138,853,608,4994
2023/3/8,7932,28071,32769,8,4,4.39%,2.40%,2.46%,3252 ,23205,7,2.84%,4.58%,2.91%,36024,2.59%,4.53%,3.63%,1152,1020,586,4658
2023/3/9,7806,22674,32021,9,4,3.00%,3.63%,4.39%,3285 ,24323,7,4.57%,4.44%,2.43%,38578,2.59%,3.67%,2.91%,1288,900,563,4361
2023/3/10,7979,21969,35789,7,5,4.79%,4.87%,2.83%,3669 ,21837,6,3.85%,2.12%,4.63%,37077,3.81%,3.47%,2.80%,1172,1002,654,3622
2023/3/11,7325,28556,38486,6,4,4.76%,4.47%,3.02%,3996 ,23374,6,2.08%,3.54%,2.46%,32668,3.52%,2.58%,2.37%,1369,916,545,3569
2023/3/12,7594,23579,34995,9,4,4.76%,4.94%,3.74%,3853 ,21143,5,4.86%,4.40%,3.79%,30934,4.25%,3.78%,2.62%,1346,808,584,3695
2023/3/13,8894,20676,30889,8,3,3.04%,3.54%,3.52%,3987 ,23760,6,4.33%,3.25%,3.60%,31126,3.54%,3.10%,3.25%,1078,928,655,3633
2023/3/14,7044,27937,31207,8,5,2.26%,4.84%,3.27%,3128 ,22857,7,2.08%,2.09%,4.98%,34711,2.87%,2.84%,4.90%,1202,836,631,3859
2023/3/15,8426,23126,35323,9,4,4.78%,4.83%,4.10%,3268 ,24666,8,3.75%,4.29%,2.72%,37040,2.98%,4.89%,4.87%,1322,964,604,3074
2023/3/16,9875,29875,33722,8,4,2.75%,2.89%,3.39%,3200 ,21149,7,2.13%,4.05%,3.17%,34476,2.99%,4.44%,3.22%,1174,870,589,4325
2023/3/17,9591,24646,31717,6,3,2.24%,4.08%,4.51%,3178 ,24755,8,3.54%,2.35%,3.64%,33039,3.26%,4.25%,2.91%,1030,958,621,4033
2023/3/18,8287,27077,31262,6,4,4.42%,4.90%,4.08%,3335 ,22640,7,2.92%,4.59%,2.41%,35560,2.65%,2.76%,2.85%,1169,1054,573,4695
2023/3/19,9583,20076,34752,9,3,2.45%,2.69%,4.62%,3543 ,23204,7,3.05%,3.31%,2.44%,36848,4.14%,4.01%,2.35%,1409,845,676,3976
2023/3/20,8555,22475,30649,6,3,3.98%,3.62%,4.98%,3334 ,21524,6,4.76%,2.40%,2.83%,39300,3.75%,3.17%,4.60%,1126,962,637,4280
2023/3/21,8478,24044,32604,7,4,3.94%,2.91%,3.42%,3412 ,21278,6,3.06%,2.55%,2.10%,39907,4.69%,2.19%,2.55%,1433,807,619,3564
2023/3/22,9511,28139,38213,9,5,4.75%,2.80%,3.98%,3894 ,24057,6,3.03%,2.55%,4.45%,31933,3.84%,2.96%,2.56%,1069,818,565,3512
2023/3/23,9774,24339,37895,8,4,2.36%,4.52%,2.65%,3954 ,21327,5,3.02%,3.37%,4.14%,30145,2.88%,2.53%,3.57%,1184,887,679,4070
2023/3/24,8035,23198,37895,7,5,2.93%,4.61%,2.86%,3025 ,20225,7,2.19%,3.77%,3.59%,36714,4.39%,2.82%,3.09%,1314,856,615,4713
2023/3/25,9508,25476,37597,5,3,3.67%,3.14%,3.20%,3881 ,20088,5,4.30%,3.40%,2.79%,31509,3.53%,4.67%,4.30%,1146,964,678,3689
2023/3/26,8336,26105,39300,7,3,4.25%,2.18%,4.50%,3793 ,23559,6,4.25%,2.45%,3.67%,34499,3.46%,4.11%,2.12%,1079,959,616,4484
2023/3/27,8388,21250,34092,9,3,2.51%,2.74%,2.23%,3900 ,24112,6,3.92%,4.40%,2.63%,33258,2.78%,2.80%,2.78%,1025,888,684,3720
2023/3/28,9013,29781,39577,7,5,3.52%,2.60%,4.74%,3149 ,24294,8,2.01%,3.61%,3.17%,38050,4.03%,2.59%,2.36%,1373,1036,656,4290
2023/3/29,8883,20400,37283,8,4,4.03%,4.53%,3.80%,3360 ,24239,7,2.49%,2.18%,2.10%,33963,2.10%,4.99%,2.53%,1494,814,620,4735
2023/3/30,9070,20595,31716,10,4,4.33%,4.65%,3.91%,3950 ,22946,6,3.45%,3.67%,4.35%,34701,4.39%,4.15%,4.31%,1284,1031,599,3704
2023/3/31,7160,20045,37399,9,4,4.61%,3.17%,3.41%,3481 ,23827,7,3.91%,4.25%,4.39%,30636,4.97%,2.12%,2.38%,1249,975,672,3253
2023/4/1,9379,29712,38811,8,5,2.47%,3.91%,3.85%,3800 ,21865,6,3.28%,3.33%,3.53%,35432,2.96%,4.46%,4.65%,1132,887,618,4837
2023/4/2,9155,28875,34797,8,3,2.55%,2.42%,2.18%,3307 ,20950,6,3.49%,2.79%,2.08%,37969,2.67%,4.86%,3.12%,1367,973,624,4163
2023/4/3,9569,23969,32871,7,4,4.14%,2.79%,2.89%,3077 ,21676,7,4.16%,2.40%,3.01%,31934,4.27%,2.48%,3.29%,1081,1013,623,3457
2023/4/4,8559,22643,33210,8,5,2.40%,3.33%,3.50%,3547 ,21496,6,2.42%,3.54%,2.12%,38475,2.98%,2.16%,3.32%,1235,981,535,3286
2023/4/5,7636,21624,31638,6,4,4.52%,2.94%,3.77%,3943 ,20506,5,4.63%,4.72%,2.40%,37815,4.43%,4.75%,3.83%,1361,1030,578,3668
2023/4/6,7163,29484,35108,5,4,3.66%,3.90%,4.84%,3617 ,24637,7,3.10%,2.41%,4.71%,30413,3.34%,3.19%,3.18%,1190,973,612,4030
2023/4/7,8324,26892,37826,8,4,4.98%,3.39%,4.79%,3723 ,22028,6,2.76%,3.65%,4.50%,31538,3.35%,3.39%,4.87%,1478,918,551,3296
2023/4/8,9222,20672,35263,7,4,4.09%,2.05%,2.42%,3594 ,21065,6,4.30%,3.77%,3.42%,32723,2.16%,2.98%,2.38%,1420,866,534,4259
2023/4/9,7191,25553,38136,9,3,2.55%,2.92%,2.45%,3846 ,24098,6,2.18%,2.85%,2.64%,32499,4.03%,2.91%,2.64%,1428,1047,589,3440
2023/4/10,7197,25331,38069,7,4,4.70%,4.72%,4.58%,3350 ,23573,7,4.44%,3.94%,4.60%,30504,2.49%,4.90%,4.20%,1241,1019,684,4038
2023/4/11,8364,25364,37789,6,4,3.08%,3.31%,3.67%,3971 ,20247,5,3.45%,3.52%,3.41%,30787,3.39%,2.53%,3.78%,1157,856,535,4838
2023/4/12,7985,21848,37638,7,4,3.16%,3.13%,2.10%,3840 ,23564,6,4.17%,2.69%,3.38%,34094,2.10%,4.20%,3.00%,1442,852,638,3866
2023/4/13,7432,22761,30494,5,4,4.21%,4.99%,4.29%,3663 ,21909,6,3.14%,4.22%,2.11%,38432,4.42%,2.47%,3.63%,1170,979,541,4485
2023/4/14,7522,20044,34148,7,3,2.22%,2.98%,2.99%,3603 ,24956,7,2.25%,3.25%,3.01%,36342,3.00%,4.84%,2.93%,1361,831,569,3848
2023/4/15,8345,26565,36699,6,4,2.54%,3.44%,2.12%,3342 ,21007,6,4.42%,4.80%,3.66%,30448,2.49%,4.11%,4.42%,1397,851,553,3084
2023/4/16,8422,27134,34463,7,4,4.57%,4.64%,3.77%,3879 ,23904,6,3.22%,2.10%,2.57%,36203,3.43%,2.33%,4.49%,1012,972,658,3641
2023/4/17,8511,20942,33465,6,4,3.76%,2.34%,2.52%,3291 ,24792,8,3.41%,3.64%,4.90%,30360,3.73%,4.12%,2.82%,1251,866,521,4873
2023/4/18,7196,27125,31275,8,5,3.84%,3.94%,4.95%,3790 ,23474,6,2.99%,3.44%,2.05%,39928,3.54%,3.05%,4.11%,1221,872,645,4299
2023/4/19,9915,24764,31199,9,4,4.27%,2.08%,2.11%,3480 ,24011,7,2.75%,2.36%,3.19%,39472,3.95%,4.18%,3.29%,1065,879,584,3422
2023/4/20,8464,27639,32267,7,5,2.32%,4.16%,3.88%,3961 ,21637,5,2.81%,3.08%,2.12%,34145,3.77%,3.11%,2.55%,1082,800,559,4637
2023/4/21,7653,23471,38597,6,5,4.35%,3.79%,4.36%,3263 ,23702,7,4.48%,3.46%,4.41%,32671,4.87%,4.10%,2.93%,1215,836,558,3757
2023/4/22,7787,24291,37950,10,4,2.18%,2.82%,2.23%,3420 ,23776,7,4.75%,4.09%,3.51%,30080,2.83%,2.27%,4.58%,1098,826,588,4597
2023/4/23,8717,21951,34521,9,5,2.08%,4.77%,2.71%,3240 ,22560,7,4.57%,4.38%,4.97%,35372,4.42%,3.94%,3.93%,1211,1025,568,4152
2023/4/24,9764,27930,35134,9,3,3.13%,3.76%,4.23%,3031 ,23359,8,3.33%,3.53%,4.45%,36544,3.79%,2.99%,4.38%,1464,1035,550,4491
2023/4/25,7306,23932,39474,8,5,4.01%,3.24%,4.03%,3054 ,22014,7,3.35%,2.25%,4.86%,34639,2.76%,3.27%,3.41%,1119,1054,647,4355
2023/4/26,8570,29104,31072,9,3,2.30%,4.68%,3.06%,3178 ,22840,7,4.08%,2.98%,3.46%,35906,4.85%,4.34%,3.63%,1407,989,680,3474
2023/4/27,8363,21211,31651,9,3,3.53%,4.34%,3.29%,3283 ,23074,7,4.94%,4.64%,2.86%,32471,3.81%,3.54%,2.30%,1085,919,675,4701
2023/4/28,9109,22968,35172,6,4,2.22%,3.93%,3.07%,3628 ,21227,6,2.89%,3.47%,2.56%,34944,4.75%,4.15%,2.62%,1394,1073,692,4537
2023/4/29,8418,20724,33923,7,5,2.23%,4.08%,2.31%,3861 ,23796,6,3.92%,4.60%,3.33%,33327,3.21%,3.33%,4.17%,1158,827,565,3939
2023/4/30,8497,24316,32545,9,3,2.78%,4.52%,4.09%,3075 ,21936,7,3.43%,4.74%,4.78%,36396,2.51%,4.52%,3.41%,1158,1002,638,4969
2023/5/1,7678,27648,32886,8,5,2.42%,4.02%,4.75%,3809 ,22432,6,3.58%,3.95%,3.91%,35609,4.47%,4.32%,4.27%,1309,905,552,3934
2023/5/2,7645,25530,31204,6,4,2.66%,3.52%,3.00%,3735 ,23297,6,3.25%,3.95%,3.10%,34395,4.80%,4.97%,3.05%,1130,1076,572,3257
2023/5/3,9256,27715,31190,6,4,3.88%,2.58%,4.84%,3907 ,21826,6,3.09%,4.37%,2.55%,31472,4.99%,4.84%,3.48%,1072,842,605,3533
2023/5/4,7337,26579,34560,6,4,4.06%,3.75%,3.58%,3069 ,21666,7,4.03%,4.11%,2.43%,37156,2.55%,2.96%,3.79%,1199,1073,633,3305
2023/5/5,7942,21226,33420,6,5,3.38%,3.83%,2.94%,3907 ,21335,5,4.35%,2.67%,3.24%,34337,3.84%,4.92%,3.48%,1384,819,515,4859
2023/5/6,7997,22927,37522,10,4,3.78%,3.23%,3.73%,3829 ,20191,5,4.73%,4.07%,4.06%,38090,4.08%,2.01%,2.41%,1421,946,606,3487
2023/5/7,7699,21559,38923,8,5,3.40%,3.83%,2.38%,3273 ,21091,6,4.49%,3.20%,3.07%,38897,3.67%,2.56%,3.83%,1470,937,555,4843
2023/5/8,7174,28955,33137,8,4,3.09%,2.76%,3.03%,3465 ,20260,6,2.71%,3.08%,2.32%,35073,2.71%,4.82%,3.70%,1128,862,529,3626
2023/5/9,8672,25650,32637,9,5,3.25%,4.55%,4.61%,3918 ,22405,6,3.75%,3.38%,3.55%,35467,2.20%,4.59%,4.24%,1033,850,590,4990
2023/5/10,9019,29064,37993,5,3,2.26%,2.77%,4.43%,3874 ,24726,6,2.09%,2.10%,4.45%,36618,4.11%,3.59%,3.62%,1246,920,550,3644
2023/5/11,7252,25664,37607,5,5,4.21%,4.71%,3.37%,3109 ,23982,8,3.28%,4.09%,4.91%,37439,2.62%,4.09%,3.95%,1036,1080,618,4218
2023/5/12,7360,27538,35137,6,4,4.19%,2.93%,4.97%,3574 ,22340,6,3.78%,3.93%,2.54%,32438,4.36%,3.24%,4.84%,1102,855,559,4123
2023/5/13,9585,24845,32949,6,4,3.20%,3.21%,2.85%,3505 ,20596,6,2.13%,3.01%,2.18%,32346,3.85%,3.54%,4.22%,1198,1048,665,3449
2023/5/14,7875,29854,30529,8,4,4.19%,4.32%,4.88%,3911 ,23893,6,3.37%,2.24%,4.36%,33570,2.12%,2.81%,3.22%,1205,930,672,4954
2023/5/15,7203,29462,30815,10,4,3.86%,2.87%,2.02%,3718 ,22064,6,4.81%,2.88%,2.73%,31462,2.45%,2.61%,4.40%,1060,1063,694,4303
2023/5/16,9097,20563,35004,8,4,2.47%,2.78%,3.78%,3303 ,21410,6,3.36%,4.73%,2.75%,38220,4.44%,4.68%,4.90%,1275,1070,589,3412
2023/5/17,9974,28482,39577,8,5,3.22%,4.47%,4.18%,3925 ,22597,6,2.85%,2.56%,4.00%,39094,3.18%,4.30%,5.00%,1415,954,610,3306
2023/5/18,9467,24901,32179,10,5,3.62%,2.31%,2.54%,3517 ,24600,7,4.05%,3.81%,2.44%,37420,4.76%,4.49%,2.28%,1037,1052,615,3371
2023/5/19,8486,29487,35419,8,5,3.85%,3.89%,2.30%,3918 ,21901,6,3.67%,2.34%,4.97%,35071,3.08%,2.10%,3.04%,1109,893,687,3146
2023/5/20,9093,29515,38780,7,5,4.85%,4.60%,4.06%,3011 ,24730,8,4.36%,3.24%,4.58%,33072,2.57%,4.43%,3.26%,1104,851,637,3514
2023/5/21,7700,25368,31050,6,3,3.94%,3.37%,3.58%,3129 ,24296,8,4.25%,4.79%,4.05%,34706,3.51%,4.92%,2.21%,1125,896,655,4604
2023/5/22,9625,29699,37911,9,4,3.94%,4.62%,3.13%,3898 ,21137,5,3.92%,4.85%,2.99%,31247,3.32%,3.55%,3.65%,1117,879,536,3135
2023/5/23,7310,20594,33150,6,4,2.51%,4.84%,2.18%,3480 ,21039,6,2.89%,2.47%,3.08%,35200,4.56%,4.66%,3.25%,1131,1019,516,3442
2023/5/24,8626,21006,34894,10,4,2.49%,2.42%,2.61%,3568 ,20114,6,4.53%,3.37%,3.62%,31084,4.78%,2.52%,2.97%,1441,1090,669,4807
2023/5/25,9841,20672,30324,7,5,2.48%,4.55%,2.20%,3860 ,21660,6,3.45%,2.89%,4.84%,33193,3.19%,4.49%,4.62%,1415,889,525,3814
2023/5/26,7413,27842,36326,9,4,3.05%,3.44%,4.23%,3826 ,21012,5,4.13%,4.06%,3.26%,33226,2.25%,2.39%,3.48%,1311,978,670,3985
2023/5/27,9130,26296,36886,8,5,3.04%,4.60%,3.94%,3120 ,20730,7,4.74%,3.53%,2.58%,32945,3.54%,4.04%,4.23%,1340,1012,541,4040
2023/5/28,8193,22326,39451,8,4,2.29%,4.86%,4.06%,3747 ,22438,6,3.87%,3.29%,3.35%,31601,4.01%,4.88%,2.51%,1454,849,538,4430
2023/5/29,9082,20415,39303,7,3,4.31%,3.30%,3.11%,3609 ,21229,6,4.31%,2.23%,3.47%,36398,2.34%,2.40%,2.34%,1308,961,543,3904
2023/5/30,7797,22035,32491,6,3,3.45%,3.75%,2.76%,3239 ,21298,7,3.98%,2.91%,4.03%,33064,4.23%,4.06%,2.20%,1358,978,677,3436
2023/5/31,8950,21498,38055,5,3,2.41%,4.70%,2.07%,3283 ,23090,7,2.72%,4.03%,4.31%,33163,4.19%,3.07%,3.75%,1444,989,646,3768
2023/6/1,7044,27385,38779,5,3,2.79%,4.68%,4.21%,3006 ,21125,7,4.72%,3.12%,2.70%,35046,4.60%,2.34%,2.30%,1168,1098,663,3861
2023/6/2,8879,29544,35924,10,4,4.72%,4.74%,3.65%,3940 ,23410,6,4.92%,4.11%,2.64%,31513,2.89%,4.64%,2.70%,1438,1029,685,4810
2023/6/3,9879,21209,33885,5,5,3.94%,3.41%,4.43%,3715 ,20987,6,4.41%,2.38%,4.06%,33060,3.30%,3.06%,3.52%,1469,1078,687,4178
2023/6/4,9197,29533,31700,6,5,4.49%,4.47%,3.74%,3702 ,23983,6,2.89%,2.80%,2.53%,39773,4.73%,3.20%,4.98%,1164,994,666,3689
2023/6/5,9799,23622,31843,8,4,4.33%,2.96%,4.25%,3705 ,21115,6,2.73%,4.23%,2.53%,36100,3.04%,2.44%,2.27%,1080,1018,589,4039
2023/6/6,7441,29068,30574,7,5,4.46%,4.25%,3.01%,3102 ,22322,7,4.69%,4.71%,3.21%,35669,3.40%,2.24%,4.65%,1237,813,518,4986
2023/6/7,8199,28930,37480,8,3,2.08%,2.23%,2.18%,3774 ,21413,6,3.04%,3.25%,4.71%,33177,3.67%,4.92%,2.09%,1403,1051,629,3153
2023/6/8,8678,24883,34166,5,3,4.90%,3.07%,3.50%,3008 ,22572,8,2.40%,2.77%,4.01%,32531,3.58%,2.21%,3.70%,1476,1096,538,4762
2023/6/9,8915,21126,34971,9,4,4.76%,3.12%,2.25%,3682 ,21804,6,4.35%,2.12%,4.22%,36037,2.40%,4.23%,2.75%,1444,905,669,4549
2023/6/10,8280,25823,30066,10,3,4.88%,4.61%,4.23%,3386 ,20789,6,4.13%,2.76%,2.05%,32116,4.82%,4.69%,3.70%,1300,973,592,4383
2023/6/11,7769,25305,31557,9,4,3.42%,2.43%,2.21%,3652 ,22658,6,4.69%,3.92%,4.70%,36037,3.10%,3.83%,2.84%,1076,802,512,4680
2023/6/12,9139,27252,34268,7,3,3.78%,4.83%,2.61%,3606 ,22264,6,2.91%,4.80%,3.80%,31890,4.98%,4.31%,2.62%,1471,835,670,3677
2023/6/13,7852,26340,30999,9,3,4.44%,3.33%,3.87%,3209 ,22430,7,4.20%,3.41%,4.05%,37244,2.33%,3.30%,3.16%,1456,868,605,3122
2023/6/14,7456,27138,36443,9,5,4.63%,4.39%,4.72%,3224 ,24737,8,4.80%,2.37%,4.89%,34906,2.07%,2.63%,2.47%,1366,911,668,3168
2023/6/15,8534,20717,31625,7,4,4.71%,2.50%,4.11%,3923 ,21574,5,3.01%,2.07%,4.40%,38396,3.06%,4.09%,3.08%,1203,872,563,3236
2023/6/16,8832,25775,31243,8,3,3.01%,4.53%,3.74%,3880 ,20494,5,4.81%,3.99%,4.35%,31301,3.33%,2.15%,4.29%,1253,989,577,4516
2023/6/17,9004,20328,33293,8,4,2.83%,4.01%,2.95%,3780 ,24733,7,4.61%,4.69%,3.99%,36265,3.74%,2.17%,3.76%,1320,1014,674,3005
2023/6/18,9165,29419,39407,8,4,3.47%,2.71%,4.81%,3560 ,23037,6,3.37%,3.67%,3.90%,35094,4.69%,4.93%,4.75%,1263,1079,530,3404
2023/6/19,8302,22793,36872,6,4,3.10%,4.52%,3.54%,3836 ,23671,6,3.29%,3.53%,4.35%,32115,3.79%,4.10%,2.10%,1153,1029,638,3044
2023/6/20,8835,26755,34573,7,4,4.82%,4.48%,3.01%,3518 ,23593,7,4.29%,2.85%,3.51%,37529,3.32%,2.50%,2.60%,1255,1034,529,4444
2023/6/21,7404,29087,37219,9,3,4.56%,3.60%,2.27%,3161 ,22616,7,2.57%,2.23%,4.58%,33792,3.20%,2.49%,3.47%,1272,930,622,3073
2023/6/22,7015,26239,30555,10,3,2.49%,4.64%,4.29%,3731 ,23621,6,2.22%,2.95%,2.86%,36215,2.10%,3.69%,3.96%,1216,968,605,3528
2023/6/23,8705,25919,30281,6,4,2.77%,4.49%,2.11%,3588 ,20049,6,4.85%,3.35%,4.96%,35285,3.67%,2.39%,4.75%,1098,916,670,4674
2023/6/24,7218,24892,39209,7,3,3.58%,2.46%,4.76%,3990 ,21737,5,3.59%,4.97%,4.93%,31730,4.96%,2.86%,2.72%,1206,862,694,4276
2023/6/25,8356,25572,35245,8,4,3.71%,2.52%,4.84%,3620 ,21306,6,3.28%,2.24%,3.04%,32940,3.38%,2.37%,4.68%,1372,1014,539,3174
2023/6/26,9550,20200,30457,6,5,2.16%,2.70%,3.41%,3390 ,24357,7,2.78%,3.27%,2.81%,39313,4.98%,3.31%,4.80%,1229,834,606,4945
2023/6/27,7671,27734,33508,9,4,4.07%,4.14%,4.89%,3339 ,22880,7,3.31%,2.71%,2.91%,31493,2.03%,2.74%,2.24%,1468,1022,515,3551
2023/6/28,8721,21265,33609,6,4,4.06%,3.26%,4.00%,3194 ,21869,7,3.48%,4.04%,2.49%,31123,3.52%,2.17%,2.94%,1306,857,633,4260
2023/6/29,7740,26578,35468,8,4,2.07%,2.31%,2.98%,3584 ,23918,7,3.92%,2.46%,4.48%,33260,2.88%,2.26%,4.89%,1136,841,626,3212
2023/6/30,8947,26342,37216,6,3,3.56%,2.30%,3.34%,3094 ,24402,8,2.94%,4.00%,3.13%,30681,2.82%,3.63%,3.97%,1348,1031,661,3268
2023/7/1,7505,22756,30632,6,5,4.08%,4.69%,3.87%,3586 ,22377,6,3.07%,2.26%,4.95%,30133,4.11%,3.40%,4.28%,1256,1088,650,4508
2023/7/2,7279,29932,33050,9,3,2.57%,4.80%,2.15%,3326 ,23337,7,4.50%,3.08%,3.66%,36142,4.14%,3.60%,2.55%,1098,1068,679,4930
2023/7/3,7909,25555,33462,10,3,4.83%,2.66%,3.72%,3075 ,22171,7,2.50%,3.07%,3.38%,39863,4.04%,3.30%,2.59%,1086,920,629,3760
2023/7/4,7427,28105,36519,5,3,3.25%,3.97%,3.06%,3915 ,20113,5,3.84%,4.23%,4.13%,34574,3.05%,4.04%,2.58%,1444,927,634,4583
2023/7/5,9432,23024,31917,10,3,3.68%,3.99%,2.79%,3775 ,20868,6,4.09%,4.11%,2.41%,37161,3.12%,4.76%,4.93%,1331,889,640,3659
2023/7/6,8361,20559,30147,9,4,4.79%,2.29%,2.43%,3420 ,20185,6,4.12%,2.91%,4.05%,38353,2.91%,4.58%,3.42%,1010,954,605,3639
2023/7/7,8656,29332,31160,7,4,2.68%,3.89%,4.79%,3848 ,23922,6,2.77%,3.37%,2.40%,34551,3.92%,3.86%,2.61%,1027,925,641,3928
2023/7/8,8696,20746,33128,8,5,2.42%,4.09%,4.39%,3356 ,23681,7,3.46%,4.04%,2.08%,37583,4.08%,4.53%,2.74%,1168,858,685,3594
2023/7/9,9305,27100,31929,8,3,3.03%,2.74%,4.92%,3418 ,21251,6,4.77%,3.79%,3.59%,35975,3.52%,2.75%,4.70%,1082,980,519,4480
2023/7/10,8144,26792,31929,6,4,3.46%,3.03%,4.34%,3204 ,22884,7,2.54%,3.74%,4.82%,36281,2.64%,3.78%,2.16%,1059,912,661,4345
2023/7/11,9087,22823,35652,9,3,4.30%,3.57%,2.16%,3717 ,21872,6,2.46%,3.69%,4.69%,36858,3.94%,2.59%,4.09%,1423,1050,686,4464
2023/7/12,7792,28002,33787,7,3,4.94%,2.01%,2.89%,3036 ,21038,7,4.69%,4.58%,2.01%,36823,3.52%,4.80%,2.31%,1499,844,598,4683
2023/7/13,9929,24229,37238,9,3,3.29%,2.92%,3.95%,3825 ,22863,6,4.30%,2.90%,4.15%,31250,4.88%,2.23%,4.26%,1223,1098,516,3307
2023/7/14,8786,20258,38817,9,5,4.53%,3.31%,3.70%,3989 ,20272,5,2.18%,2.74%,3.66%,31655,2.83%,2.67%,4.14%,1341,956,635,4948
2023/7/15,7762,21696,36781,9,3,4.11%,3.65%,4.16%,3205 ,24277,8,3.96%,3.41%,3.37%,38633,3.32%,4.61%,2.66%,1148,884,521,4640
2023/7/16,9367,22926,36099,10,5,2.25%,3.80%,2.91%,3950 ,20339,5,3.71%,3.23%,2.95%,35555,2.43%,4.96%,4.24%,1031,812,592,3069
2023/7/17,7380,27766,30051,7,3,2.36%,3.68%,3.24%,3285 ,20603,6,3.14%,4.32%,2.29%,39635,3.34%,4.17%,2.51%,1273,898,691,4682
2023/7/18,9711,22948,30685,6,4,4.45%,4.85%,2.79%,3342 ,23209,7,4.78%,3.96%,4.88%,36272,4.97%,4.86%,3.92%,1485,986,523,4836
2023/7/19,8968,29678,37662,5,4,2.12%,2.59%,4.23%,3972 ,20992,5,2.30%,3.42%,2.81%,30437,2.83%,3.82%,3.44%,1167,1063,617,3949
2023/7/20,9021,26146,36915,7,5,4.78%,3.99%,4.75%,3953 ,20705,5,2.05%,3.77%,4.81%,39054,2.13%,2.82%,3.57%,1235,834,548,3755