日期,基金整体交易金额,整体交易人数,基金持仓交易金额,基金持仓交易人数,基金交易-C端,基金交易-B端,基金交易-货基交易,基金交易-债基交易,基金交易-股混交易,基金交易-权益拉新用户数,基金交易-稳健新千元用户人数,攒钱花人群智能外呼转化率,基金总保有,稳健基金保有,权益基金保有,C端基金保有,B端基金保有
2023-01-01,914.63,82775,987.38,29602,603.6558,301.8279,457.315,274.389,182.926,2368,888,9.15%,9146300,3658520,548778000,503046500,411583500
2023-01-02,2785.27,72028,1069.68,41429,1838.2782,919.1391,1392.635,835.581,557.054,3314,1243,27.85%,27852700,11141080,1671162000,1531898500,1253371500
2023-01-03,8722.44,57973,736.11,41269,5756.8104,2878.4052,4361.22,2616.732,1744.488,3302,1238,87.22%,87224400,34889760,5233464000,4797342000,3925098000
2023-01-04,8180.79,66134,492.14,18244,5399.3214,2699.6607,4090.395,2454.237,1636.158,1460,547,81.81%,81807900,32723160,4908474000,4499434500,3681355500
2023-01-05,9865.63,48691,3797.52,35595,6511.3158,3255.6579,4932.815,2959.689,1973.126,2848,1068,98.66%,98656300,39462520,5919378000,5426096500,4439533500
2023-01-06,9600.26,33609,972.28,23830,6336.1716,3168.0858,4800.13,2880.078,1920.052,1906,715,96.00%,96002600,38401040,5760156000,5280143000,4320117000
2023-01-07,8058.02,40520,1571.99,7742,5318.2932,2659.1466,4029.01,2417.406,1611.604,619,232,80.58%,80580200,32232080,4834812000,4431911000,3626109000
2023-01-08,3725.71,63812,4313.17,11351,2458.9686,1229.4843,1862.855,1117.713,745.142,908,341,37.26%,37257100,14902840,2235426000,2049140500,1676569500
2023-01-09,1689.4,22094,1323.91,22075,1115.004,557.502,844.7,506.82,337.88,1766,662,16.89%,16894000,6757600,1013640000,929170000,760230000
2023-01-10,6049.27,42,1227.47,35049,3992.5182,1996.2591,3024.635,1814.781,1209.854,2804,1051,4.00%,60492700,24197080,3629562000,3327098500,2722171500
2023-01-11,4924.57,97905,2649.73,43991,3250.2162,1625.1081,2462.285,1477.371,984.914,3519,1320,49.25%,49245700,19698280,2954742000,2708513500,2216056500
2023-01-12,5077.31,44905,3018.24,41799,3351.0246,1675.5123,2538.655,1523.193,1015.462,3344,1254,50.77%,50773100,20309240,3046386000,2792520500,2284789500
2023-01-13,9678.03,74969,2800.46,35629,6387.4998,3193.7499,4839.015,2903.409,1935.606,2850,1069,96.78%,96780300,38712120,5806818000,5322916500,4355113500
2023-01-14,5915.3,8798,2504.06,33221,3904.098,1952.049,2957.65,1774.59,1183.06,2658,997,59.15%,59153000,23661200,3549180000,3253415000,2661885000
2023-01-15,1917.26,84921,4034.83,34059,1265.3916,632.6958,958.63,575.178,383.452,2725,1022,19.17%,19172600,7669040,1150356000,1054493000,862767000
2023-01-16,719.55,66904,2750.78,12319,474.903,237.4515,359.775,215.865,143.91,986,370,7.20%,7195500,2878200,431730000,395752500,323797500
2023-01-17,3182.44,36715,2881.55,28848,2100.4104,1050.2052,1591.22,954.732,636.488,2308,865,31.82%,31824400,12729760,1909464000,1750342000,1432098000
2023-01-18,7260.86,62659,2431.93,32679,4792.1676,2396.0838,3630.43,2178.258,1452.172,2614,980,72.61%,72608600,29043440,4356516000,3993473000,3267387000
2023-01-19,6072.68,465,3988.74,13165,4007.9688,2003.9844,3036.34,1821.804,1214.536,1053,395,60.73%,60726800,24290720,3643608000,3339974000,2732706000
2023-01-20,7622.38,84975,2061.56,25434,5030.7708,2515.3854,3811.19,2286.714,1524.476,2035,763,76.22%,76223800,30489520,4573428000,4192309000,3430071000
2023-01-21,5968.91,38984,788.86,21271,3939.4806,1969.7403,2984.455,1790.673,1193.782,1702,638,59.69%,59689100,23875640,3581346000,3282900500,2686009500
2023-01-22,5030.29,56433,3860.17,44859,3319.9914,1659.9957,2515.145,1509.087,1006.058,3589,1346,50.30%,50302900,20121160,3018174000,2766659500,2263630500
2023-01-23,6921.75,75099,1296.13,10430,4568.355,2284.1775,3460.875,2076.525,1384.35,834,313,69.22%,69217500,27687000,4153050000,3806962500,3114787500
2023-01-24,9227.38,30685,2092.93,19636,6090.0708,3045.0354,4613.69,2768.214,1845.476,1571,589,92.27%,92273800,36909520,5536428000,5075059000,4152321000
2023-01-25,2477.82,58784,2255.1,16146,1635.3612,817.6806,1238.91,743.346,495.564,1292,484,24.78%,24778200,9911280,1486692000,1362801000,1115019000
2023-01-26,9214.28,64447,3174.1,4795,6081.4248,3040.7124,4607.14,2764.284,1842.856,384,144,92.14%,92142800,36857120,5528568000,5067854000,4146426000
2023-01-27,3559.95,73062,1660.0,11557,2349.567,1174.7835,1779.975,1067.985,711.99,925,347,35.60%,35599500,14239800,2135970000,1957972500,1601977500
2023-01-28,3256.72,68262,1410.69,38438,2149.4352,1074.7176,1628.36,977.016,651.344,3075,1153,32.57%,32567200,13026880,1954032000,1791196000,1465524000
2023-01-29,2576.23,7936,2478.47,1137,1700.3118,850.1559,1288.115,772.869,515.246,91,34,25.76%,25762300,10304920,1545738000,1416926500,1159303500
2023-01-30,2382.23,44305,3265.37,13645,1572.2718,786.1359,1191.115,714.669,476.446,1092,409,23.82%,23822300,9528920,1429338000,1310226500,1072003500
2023-01-31,2835.26,14962,81.07,9345,1871.2716,935.6358,1417.63,850.578,567.052,748,280,28.35%,28352600,11341040,1701156000,1559393000,1275867000
2023-02-01,25.93,29779,1134.2,11616,17.1138,8.5569,12.965,7.779,5.186,929,348,0.26%,259300,103720,15558000,14261500,11668500
2023-02-02,572.76,12273,603.61,14473,378.0216,189.0108,286.38,171.828,114.552,1158,434,5.73%,5727600,2291040,343656000,315018000,257742000
2023-02-03,3293.59,11344,1020.18,40431,2173.7694,1086.8847,1646.795,988.077,658.718,3234,1213,32.94%,32935900,13174360,1976154000,1811474500,1482115500
2023-02-04,7639.59,91495,128.57,29208,5042.1294,2521.0647,3819.795,2291.877,1527.918,2337,876,76.40%,76395900,30558360,4583754000,4201774500,3437815500
2023-02-05,1513.66,68901,1348.25,456,999.0156,499.5078,756.83,454.098,302.732,36,14,15.14%,15136600,6054640,908196000,832513000,681147000
2023-02-06,7949.75,11274,1673.49,21798,5246.835,2623.4175,3974.875,2384.925,1589.95,1744,654,79.50%,79497500,31799000,4769850000,4372362500,3577387500
2023-02-07,6801.88,85734,3230.59,205,4489.2408,2244.6204,3400.94,2040.564,1360.376,16,6,68.02%,68018800,27207520,4081128000,3741034000,3060846000
2023-02-08,9242.18,11312,2577.37,37813,6099.8388,3049.9194,4621.09,2772.654,1848.436,3025,1766,92.42%,92421800,36968720,5545308000,5083199000,4158981000
2023-02-09,4250.8,21104,2724.48,1242,2805.528,1402.764,2125.4,1275.24,850.16,99,2804,42.51%,42508000,17003200,2550480000,2337940000,1912860000
2023-02-10,2374.86,1613,2747.17,20689,1567.4076,783.7038,1187.43,712.458,474.972,1655,3519,23.75%,23748600,9499440,1424916000,1306173000,1068687000
2023-02-11,9204.22,7606,153.21,30175,6074.7852,3037.3926,4602.11,2761.266,1840.844,2414,3344,92.04%,92042200,36816880,5522532000,5062321000,4141899000
2023-02-12,1304.73,95466,532.66,19822,861.1218,430.5609,652.365,391.419,260.946,1586,2850,13.05%,13047300,5218920,782838000,717601500,587128500
2023-02-13,9789.34,59533,3516.81,7521,6460.9644,3230.4822,4894.67,2936.802,1957.868,602,2658,97.89%,97893400,39157360,5873604000,5384137000,4405203000
2023-02-14,6822.94,57536,20.44,42219,4503.1404,2251.5702,3411.47,2046.882,1364.588,3378,2725,68.23%,68229400,27291760,4093764000,3752617000,3070323000
2023-02-15,2063.11,32946,539.98,26027,1361.6526,680.8263,1031.555,618.933,412.622,2082,986,20.63%,20631100,8252440,1237866000,1134710500,928399500
2023-02-16,5829.37,39161,1577.18,44401,3847.3842,1923.6921,2914.685,1748.811,1165.874,3552,2308,58.29%,58293700,23317480,3497622000,3206153500,2623216500
2023-02-17,8609.77,46273,3739.73,29806,5682.4482,2841.2241,4304.885,2582.931,1721.954,2384,2614,86.10%,86097700,34439080,5165862000,4735373500,3874396500
2023-02-18,652.99,48880,1770.82,12137,430.9734,215.4867,326.495,195.897,130.598,971,1053,6.53%,6529900,2611960,391794000,359144500,293845500
2023-02-19,4337.01,63311,3039.51,37872,2862.4266,1431.2133,2168.505,1301.103,867.402,3030,2035,43.37%,43370100,17348040,2602206000,2385355500,1951654500
2023-02-20,8745.93,86890,4037.78,40247,5772.3138,2886.1569,4372.965,2623.779,1749.186,3220,1702,87.46%,87459300,34983720,5247558000,4810261500,3935668500
2023-02-21,5957.22,64092,604.62,20548,3931.7652,1965.8826,2978.61,1787.166,1191.444,1644,3589,59.57%,59572200,23828880,3574332000,3276471000,2680749000
2023-02-22,3330.71,21923,3008.09,10997,2198.2686,1099.1343,1665.355,999.213,666.142,880,834,33.31%,33307100,13322840,1998426000,1831890500,1498819500
2023-02-23,5432.31,80049,129.62,38980,3585.3246,1792.6623,2716.155,1629.693,1086.462,3118,1571,54.32%,54323100,21729240,3259386000,2987770500,2444539500
2023-02-24,5848.63,50841,1817.35,22839,3860.0958,1930.0479,2924.315,1754.589,1169.726,1827,1292,58.49%,58486300,23394520,3509178000,3216746500,2631883500
2023-02-25,8870.85,46322,291.85,35823,5854.761,2927.3805,4435.425,2661.255,1774.17,2866,384,88.71%,88708500,35483400,5322510000,4878967500,3991882500
2023-02-26,4731.64,74383,3357.98,40494,3122.8824,1561.4412,2365.82,1419.492,946.328,3240,925,47.32%,47316400,18926560,2838984000,2602402000,2129238000
2023-02-27,3897.98,42166,2771.27,37493,2572.6668,1286.3334,1948.99,1169.394,779.596,2999,3075,38.98%,38979800,15591920,2338788000,2143889000,1754091000
2023-02-28,245.95,76801,3923.04,44626,162.327,81.1635,122.975,73.785,49.19,3570,91,2.46%,2459500,983800,147570000,135272500,110677500
2023-03-01,4134.69,12455,4293.24,17499,2728.8954,1364.4477,2067.345,1240.407,826.938,1400,1092,41.35%,41346900,16538760,2480814000,2274079500,1860610500
2023-03-02,376.39,48281,2592.62,19770,248.4174,124.2087,188.195,112.917,75.278,1582,748,3.76%,3763900,1505560,225834000,207014500,169375500
2023-03-03,2537.74,35691,3432.87,42688,1674.9084,837.4542,1268.87,761.322,507.548,3415,929,25.38%,25377400,10150960,1522644000,1395757000,1141983000
2023-03-04,2887.51,79061,3400.11,39585,1905.7566,952.8783,1443.755,866.253,577.502,3167,1158,28.88%,28875100,11550040,1732506000,1588130500,1299379500
2023-03-05,7050.35,53956,1579.43,11513,4653.231,2326.6155,3525.175,2115.105,1410.07,921,3234,70.50%,70503500,28201400,4230210000,3877692500,3172657500
2023-03-06,6082.46,17072,1950.4,31185,4014.4236,2007.2118,3041.23,1824.738,1216.492,2495,2337,60.82%,60824600,24329840,3649476000,3345353000,2737107000
2023-03-07,3016.08,58248,2000.18,20068,1990.6128,995.3064,1508.04,904.824,603.216,1605,36,30.16%,30160800,12064320,1809648000,1658844000,1357236000
2023-03-08,2122.59,38084,2097.57,12734,1400.9094,700.4547,1061.295,636.777,424.518,1019,1744,21.23%,21225900,8490360,1273554000,1167424500,955165500
2023-03-09,8711.58,88230,2345.24,22810,5749.6428,2874.8214,4355.79,2613.474,1742.316,1825,16,87.12%,87115800,34846320,5226948000,4791369000,3920211000
2023-03-10,5452.47,52928,981.07,8346,3598.6302,1799.3151,2726.235,1635.741,1090.494,668,3025,54.52%,54524700,21809880,3271482000,2998858500,2453611500
2023-03-11,1271.12,93292,3346.99,22163,838.9392,419.4696,635.56,381.336,254.224,1773,99,12.71%,12711200,5084480,762672000,699116000,572004000
2023-03-12,2510.37,29377,3009.82,33018,1656.8442,828.4221,1255.185,753.111,502.074,2641,1655,25.10%,25103700,10041480,1506222000,1380703500,1129666500
2023-03-13,5803.42,29130,218.51,14474,3830.2572,1915.1286,2901.71,1741.026,1160.684,1158,2414,58.03%,58034200,23213680,3482052000,3191881000,2611539000
2023-03-14,297.35,27641,1556.57,19069,196.251,98.1255,148.675,89.205,59.47,1526,1586,2.97%,2973500,1189400,178410000,163542500,133807500
2023-03-15,6614.02,38635,1456.97,15091,4365.2532,2182.6266,3307.01,1984.206,1322.804,1207,602,66.14%,66140200,26456080,3968412000,3637711000,2976309000
2023-03-16,7782.58,37705,3654.18,33859,5136.5028,2568.2514,3891.29,2334.774,1556.516,2709,3378,77.83%,77825800,31130320,4669548000,4280419000,3502161000
2023-03-17,3624.95,71729,947.45,36031,2392.467,1196.2335,1812.475,1087.485,724.99,2882,2082,36.25%,36249500,14499800,2174970000,1993722500,1631227500
2023-03-18,3037.14,28902,2669.92,19610,2004.5124,1002.2562,1518.57,911.142,607.428,1569,3552,30.37%,30371400,12148560,1822284000,1670427000,1366713000
2023-03-19,8008.49,57530,2310.58,14827,5285.6034,2642.8017,4004.245,2402.547,1601.698,1186,2384,80.08%,80084900,32033960,4805094000,4404669500,3603820500
2023-03-20,1824.0,73251,1363.17,17077,1203.84,601.92,912.0,547.2,364.8,1366,971,18.24%,18240000,7296000,1094400000,1003200000,820800000
2023-03-21,9213.31,64350,2701.7,8509,6080.7846,3040.3923,4606.655,2763.993,1842.662,681,3030,92.13%,92133100,36853240,5527986000,5067320500,4145989500
2023-03-22,4831.89,18609,347.12,43312,3189.0474,1594.5237,2415.945,1449.567,966.378,3465,3220,48.32%,48318900,19327560,2899134000,2657539500,2174350500
2023-03-23,199.82,19800,2266.27,33082,131.8812,65.9406,99.91,59.946,39.964,2647,1644,2.00%,1998200,799280,119892000,109901000,89919000
2023-03-24,4229.88,74838,3982.94,1133,2791.7208,1395.8604,2114.94,1268.964,845.976,91,34,42.30%,42298800,16919520,2537928000,2326434000,1903446000
2023-03-25,3464.7,19185,533.72,30949,2286.702,1143.351,1732.35,1039.41,692.94,2476,928,34.65%,34647000,13858800,2078820000,1905585000,1559115000
2023-03-26,5156.93,2407,1093.69,42345,3403.5738,1701.7869,2578.465,1547.079,1031.386,3388,1270,51.57%,51569300,20627720,3094158000,2836311500,2320618500
2023-03-27,4948.67,22592,1201.97,19015,3266.1222,1633.0611,2474.335,1484.601,989.734,1521,570,49.49%,49486700,19794680,2969202000,2721768500,2226901500
2023-03-28,3965.39,66307,3249.07,25051,2617.1574,1308.5787,1982.695,1189.617,793.078,2004,752,39.65%,39653900,15861560,2379234000,2180964500,1784425500
2023-03-29,1490.39,42110,2248.58,16925,983.6574,491.8287,745.195,447.117,298.078,1354,508,14.90%,14903900,5961560,894234000,819714500,670675500
2023-03-30,3510.89,5368,2921.28,27633,2317.1874,1158.5937,1755.445,1053.267,702.178,2211,829,35.11%,35108900,14043560,2106534000,1930989500,1579900500
2023-03-31,4023.85,30618,4100.55,3727,2655.741,1327.8705,2011.925,1207.155,804.77,298,112,40.24%,40238500,16095400,2414310000,2213117500,1810732500
2023-04-01,5924.08,82408,4224.62,24437,3909.8928,1954.9464,2962.04,1777.224,1184.816,1955,733,59.24%,59240800,23696320,3554448000,3258244000,2665836000
2023-04-02,1059.68,45796,3992.91,32901,699.3888,349.6944,529.84,317.904,211.936,2632,987,10.60%,10596800,4238720,635808000,582824000,476856000
2023-04-03,2236.85,65463,239.11,19326,1476.321,738.1605,1118.425,671.055,447.37,1546,580,22.37%,22368500,8947400,1342110000,1230267500,1006582500
2023-04-04,8855.47,42604,906.79,19600,5844.6102,2922.3051,4427.735,2656.641,1771.094,1568,588,88.55%,88554700,35421880,5313282000,4870508500,3984961500
2023-04-05,3106.64,65097,68.26,24021,2050.3824,1025.1912,1553.32,931.992,621.328,1922,721,31.07%,31066400,12426560,1863984000,1708652000,1397988000
2023-04-06,5867.97,1298,1532.32,41073,3872.8602,1936.4301,2933.985,1760.391,1173.594,3286,1232,58.68%,58679700,23471880,3520782000,3227383500,2640586500
2023-04-07,8390.27,75789,488.86,25831,5537.5782,2768.7891,4195.135,2517.081,1678.054,2066,775,83.90%,83902700,33561080,5034162000,4614648500,3775621500
2023-04-08,1356.85,1315,210.88,19608,895.521,447.7605,678.425,407.055,271.37,1569,588,13.57%,13568500,5427400,814110000,746267500,610582500
2023-04-09,4770.66,23732,1077.57,13936,3148.6356,1574.3178,2385.33,1431.198,954.132,1115,418,47.71%,47706600,19082640,2862396000,2623863000,2146797000
2023-04-10,9940.79,63393,4190.93,40877,6560.9214,3280.4607,4970.395,2982.237,1988.158,3270,1226,99.41%,99407900,39763160,5964474000,5467434500,4473355500
2023-04-11,3409.06,68612,2107.57,6618,2249.9796,1124.9898,1704.53,1022.718,681.812,529,199,34.09%,34090600,13636240,2045436000,1874983000,1534077000
2023-04-12,1928.69,78033,3582.94,35671,1272.9354,636.4677,964.345,578.607,385.738,2854,1070,19.29%,19286900,7714760,1157214000,1060779500,867910500
2023-04-13,7714.34,82841,2388.58,17345,5091.4644,2545.7322,3857.17,2314.302,1542.868,1388,520,77.14%,77143400,30857360,4628604000,4242887000,3471453000
2023-04-14,3038.93,66011,463.29,39860,2005.6938,1002.8469,1519.465,911.679,607.786,3189,1196,30.39%,30389300,12155720,1823358000,1671411500,1367518500
2023-04-15,8672.8,45111,3581.25,26477,5724.048,2862.024,4336.4,2601.84,1734.56,2118,794,86.73%,86728000,34691200,5203680000,4770040000,3902760000
2023-04-16,5638.06,71318,1837.96,7823,3721.1196,1860.5598,2819.03,1691.418,1127.612,626,235,56.38%,56380600,22552240,3382836000,3100933000,2537127000
2023-04-17,2011.62,95700,93.52,35702,1327.6692,663.8346,1005.81,603.486,402.324,2856,1071,20.12%,20116200,8046480,1206972000,1106391000,905229000
2023-04-18,6016.37,41528,4077.21,21726,3970.8042,1985.4021,3008.185,1804.911,1203.274,1738,652,60.16%,60163700,24065480,3609822000,3309003500,2707366500
2023-04-19,5426.99,29361,884.01,17888,3581.8134,1790.9067,2713.495,1628.097,1085.398,1431,537,54.27%,54269900,21707960,3256194000,2984844500,2442145500
2023-04-20,1070.42,76329,2564.91,27474,706.4772,353.2386,535.21,321.126,214.084,2198,824,10.70%,10704200,4281680,642252000,588731000,481689000
2023-04-21,2104.16,58660,903.18,9456,1388.7456,694.3728,1052.08,631.248,420.832,756,284,21.04%,21041600,8416640,1262496000,1157288000,946872000
2023-04-22,980.47,3613,3629.7,18641,647.1102,323.5551,490.235,294.141,196.094,1491,559,9.80%,9804700,3921880,588282000,539258500,441211500
2023-04-23,216.59,61699,415.66,28420,142.9494,71.4747,108.295,64.977,43.318,2274,853,2.17%,2165900,866360,129954000,119124500,97465500
2023-04-24,3996.9,70426,3845.12,19188,2637.954,1318.977,1998.45,1199.07,799.38,1535,576,39.97%,39969000,15987600,2398140000,2198295000,1798605000
2023-04-25,6659.01,54140,2115.25,13823,4394.9466,2197.4733,3329.505,1997.703,1331.802,1106,415,66.59%,66590100,26636040,3995406000,3662455500,2996554500
2023-04-26,9631.38,18665,2785.27,6551,6356.7108,3178.3554,4815.69,2889.414,1926.276,524,197,96.31%,96313800,38525520,5778828000,5297259000,4334121000
2023-04-27,1230.51,57285,1901.3,23953,812.1366,406.0683,615.255,369.153,246.102,1916,719,12.31%,12305100,4922040,738306000,676780500,553729500
2023-04-28,854.71,47557,3531.84,18059,564.1086,282.0543,427.355,256.413,170.942,1445,542,8.55%,8547100,3418840,512826000,470090500,384619500
2023-04-29,4281.79,75027,2123.68,10630,2825.9814,1412.9907,2140.895,1284.537,856.358,850,319,42.82%,42817900,17127160,2569074000,2354984500,1926805500
2023-04-30,8682.92,79643,988.11,37548,5730.7272,2865.3636,4341.46,2604.876,1736.584,3004,1126,86.83%,86829200,34731680,5209752000,4775606000,3907314000
2023-05-01,8757.75,32237,2864.56,11575,5780.115,2890.0575,4378.875,2627.325,1751.55,926,347,87.58%,87577500,35031000,5254650000,4816762500,3940987500
2023-05-02,4314.84,21796,1286.52,43380,2847.7944,1423.8972,2157.42,1294.452,862.968,3470,1301,43.15%,43148400,17259360,2588904000,2373162000,1941678000
2023-05-03,7038.47,83982,1450.7,14476,4645.3902,2322.6951,3519.235,2111.541,1407.694,1158,434,70.38%,70384700,28153880,4223082000,3871158500,3167311500
2023-05-04,8011.5,48675,3751.99,18412,5287.59,2643.795,4005.75,2403.45,1602.3,1473,552,80.12%,80115000,32046000,4806900000,4406325000,3605175000
2023-05-05,1897.21,97197,284.31,27065,1252.1586,626.0793,948.605,569.163,379.442,2165,812,18.97%,18972100,7588840,1138326000,1043465500,853744500
2023-05-06,5549.47,66590,2538.31,36032,3662.6502,1831.3251,2774.735,1664.841,1109.894,2883,1081,55.49%,55494700,22197880,3329682000,3052208500,2497261500
2023-05-07,714.27,76596,3988.46,16314,471.4182,235.7091,357.135,214.281,142.854,1305,489,7.14%,7142700,2857080,428562000,392848500,321421500
2023-05-08,5447.05,31943,563.9,12912,3595.053,1797.5265,2723.525,1634.115,1089.41,1033,387,54.47%,54470500,21788200,3268230000,2995877500,2451172500
2023-05-09,5106.43,25515,4272.66,36335,3370.2438,1685.1219,2553.215,1531.929,1021.286,2907,1090,51.06%,51064300,20425720,3063858000,2808536500,2297893500
2023-05-10,7318.16,86470,2424.78,8450,4829.9856,2414.9928,3659.08,2195.448,1463.632,676,254,73.18%,73181600,29272640,4390896000,4024988000,3293172000
2023-05-11,3600.31,72632,221.27,6756,2376.2046,1188.1023,1800.155,1080.093,720.062,540,3286,36.00%,36003100,14401240,2160186000,1980170500,1620139500
2023-05-12,7980.19,19619,2497.63,7200,5266.9254,2633.4627,3990.095,2394.057,1596.038,576,2066,79.80%,79801900,31920760,4788114000,4389104500,3591085500
2023-05-13,1023.55,30441,4121.37,1153,675.543,337.7715,511.775,307.065,204.71,92,1569,10.24%,10235500,4094200,614130000,562952500,460597500
2023-05-14,8649.22,91201,3775.92,17223,5708.4852,2854.2426,4324.61,2594.766,1729.844,1378,1115,86.49%,86492200,34596880,5189532000,4757071000,3892149000
2023-05-15,5659.54,43283,2524.2,41290,3735.2964,1867.6482,2829.77,1697.862,1131.908,3303,3270,56.60%,56595400,22638160,3395724000,3112747000,2546793000
2023-05-16,6912.05,80402,2211.45,33224,4561.953,2280.9765,3456.025,2073.615,1382.41,2658,529,69.12%,69120500,27648200,4147230000,3801627500,3110422500
2023-05-17,7331.61,99930,3911.58,25484,4838.8626,2419.4313,3665.805,2199.483,1466.322,2039,2854,73.32%,73316100,29326440,4398966000,4032385500,3299224500
2023-05-18,14.69,99746,1022.22,31178,9.6954,4.8477,7.345,4.407,2.938,2494,1388,0.15%,146900,58760,8814000,8079500,6610500
2023-05-19,9188.05,79151,2920.56,2372,6064.113,3032.0565,4594.025,2756.415,1837.61,190,3189,91.88%,91880500,36752200,5512830000,5053427500,4134622500
2023-05-20,9614.34,68034,271.42,14425,6345.4644,3172.7322,4807.17,2884.302,1922.868,1154,2118,96.14%,96143400,38457360,5768604000,5287887000,4326453000
2023-05-21,9727.44,3377,4483.11,10417,6420.1104,3210.0552,4863.72,2918.232,1945.488,833,626,97.27%,97274400,38909760,5836464000,5350092000,4377348000
2023-05-22,8959.23,64548,3859.93,43997,5913.0918,2956.5459,4479.615,2687.769,1791.846,3520,2856,89.59%,89592300,35836920,5375538000,4927576500,4031653500
2023-05-23,7492.91,22565,4116.69,34161,4945.3206,2472.6603,3746.455,2247.873,1498.582,2733,1738,74.93%,74929100,29971640,4495746000,4121100500,3371809500
2023-05-24,4645.61,46446,1241.52,32153,3066.1026,1533.0513,2322.805,1393.683,929.122,2572,1431,46.46%,46456100,18582440,2787366000,2555085500,2090524500
2023-05-25,4184.67,19425,3552.15,20883,2761.8822,1380.9411,2092.335,1255.401,836.934,1671,2198,41.85%,41846700,16738680,2510802000,2301568500,1883101500
2023-05-26,3405.44,6691,661.59,43248,2247.5904,1123.7952,1702.72,1021.632,681.088,3460,756,34.05%,34054400,13621760,2043264000,1872992000,1532448000
2023-05-27,5785.25,99213,1448.4,27867,3818.265,1909.1325,2892.625,1735.575,1157.05,2229,1491,57.85%,57852500,23141000,3471150000,3181887500,2603362500
2023-05-28,7824.84,75983,1508.17,14479,5164.3944,2582.1972,3912.42,2347.452,1564.968,1158,2274,78.25%,78248400,31299360,4694904000,4303662000,3521178000
2023-05-29,5922.4,91511,3731.09,9011,3908.784,1954.392,2961.2,1776.72,1184.48,721,1535,59.22%,59224000,23689600,3553440000,3257320000,2665080000
2023-05-30,3296.43,70417,620.02,14045,2175.6438,1087.8219,1648.215,988.929,659.286,1124,1106,32.96%,32964300,13185720,1977858000,1813036500,1483393500
2023-05-31,6919.31,40531,2442.62,24983,4566.7446,2283.3723,3459.655,2075.793,1383.862,1999,524,69.19%,69193100,27677240,4151586000,3805620500,3113689500
2023-06-01,1698.76,55158,1610.65,27076,1121.1816,560.5908,849.38,509.628,339.752,2166,1916,16.99%,16987600,6795040,1019256000,934318000,764442000
2023-06-02,9564.47,54362,1535.09,44913,6312.5502,3156.2751,4782.235,2869.341,1912.894,3593,1445,95.64%,95644700,38257880,5738682000,5260458500,4304011500
2023-06-03,8961.32,84519,2765.94,25275,5914.4712,2957.2356,4480.66,2688.396,1792.264,2022,850,89.61%,89613200,35845280,5376792000,4928726000,4032594000
2023-06-04,3695.18,62407,2084.3,31641,2438.8188,1219.4094,1847.59,1108.554,739.036,2531,3004,36.95%,36951800,14780720,2217108000,2032349000,1662831000
2023-06-05,1197.92,17177,1756.61,16320,790.6272,395.3136,598.96,359.376,239.584,1306,926,11.98%,11979200,4791680,718752000,658856000,539064000
2023-06-06,3169.34,48038,4079.99,9915,2091.7644,1045.8822,1584.67,950.802,633.868,793,3470,31.69%,31693400,12677360,1901604000,1743137000,1426203000
2023-06-07,5680.66,83450,71.37,39841,3749.2356,1874.6178,2840.33,1704.198,1136.132,3187,1158,56.81%,56806600,22722640,3408396000,3124363000,2556297000
2023-06-08,8902.69,48128,4396.73,30691,5875.7754,2937.8877,4451.345,2670.807,1780.538,2455,1473,89.03%,89026900,35610760,5341614000,4896479500,4006210500
2023-06-09,3606.83,62492,206.18,19633,2380.5078,1190.2539,1803.415,1082.049,721.366,1571,2165,36.07%,36068300,14427320,2164098000,1983756500,1623073500
2023-06-10,15.41,1546,2828.87,15467,10.1706,5.0853,7.705,4.623,3.082,1237,2883,0.15%,154100,61640,9246000,8475500,6934500
2023-06-11,4577.95,71369,907.78,41759,3021.447,1510.7235,2288.975,1373.385,915.59,3341,1305,45.78%,45779500,18311800,2746770000,2517872500,2060077500
2023-06-12,6837.23,57758,2533.13,32269,4512.5718,2256.2859,3418.615,2051.169,1367.446,2582,1033,68.37%,68372300,27348920,4102338000,3760476500,3076753500
2023-06-13,7283.99,52385,4175.78,7385,4807.4334,2403.7167,3641.995,2185.197,1456.798,591,2907,72.84%,72839900,29135960,4370394000,4006194500,3277795500
2023-06-14,2856.54,98388,1933.42,38395,1885.3164,942.6582,1428.27,856.962,571.308,3072,676,28.57%,28565400,11426160,1713924000,1571097000,1285443000
2023-06-15,299.88,71195,1162.15,37998,197.9208,98.9604,149.94,89.964,59.976,3040,540,3.00%,2998800,1199520,179928000,164934000,134946000
2023-06-16,6657.2,2443,2047.46,32423,4393.752,2196.876,3328.6,1997.16,1331.44,2594,576,66.57%,66572000,26628800,3994320000,3661460000,2995740000
2023-06-17,9546.89,89027,4122.58,26461,6300.9474,3150.4737,4773.445,2864.067,1909.378,2117,92,95.47%,95468900,38187560,5728134000,5250789500,4296100500
2023-06-18,6458.37,77618,3721.97,15068,4262.5242,2131.2621,3229.185,1937.511,1291.674,1205,1378,64.58%,64583700,25833480,3875022000,3552103500,2906266500
2023-06-19,8266.38,76031,4464.75,19541,5455.8108,2727.9054,4133.19,2479.914,1653.276,1563,3303,82.66%,82663800,33065520,4959828000,4546509000,3719871000
2023-06-20,7325.79,45327,3295.58,24008,4835.0214,2417.5107,3662.895,2197.737,1465.158,1921,2658,73.26%,73257900,29303160,4395474000,4029184500,3296605500
2023-06-21,341.13,48303,963.22,32600,225.1458,112.5729,170.565,102.339,68.226,2608,2039,3.41%,3411300,1364520,204678000,187621500,153508500
2023-06-22,9564.96,20143,3543.26,1129,6312.8736,3156.4368,4782.48,2869.488,1912.992,90,2494,95.65%,95649600,38259840,5738976000,5260728000,4304232000
2023-06-23,2997.43,39006,1957.13,14487,1978.3038,989.1519,1498.715,899.229,599.486,1159,435,29.97%,29974300,11989720,1798458000,1648586500,1348843500
2023-06-24,7704.59,53972,1247.57,41388,5085.0294,2542.5147,3852.295,2311.377,1540.918,3311,1242,77.05%,77045900,30818360,4622754000,4237524500,3467065500
2023-06-25,7691.43,31141,378.34,1830,5076.3438,2538.1719,3845.715,2307.429,1538.286,146,55,76.91%,76914300,30765720,4614858000,4230286500,3461143500
2023-06-26,41.13,94687,2340.98,43025,27.1458,13.5729,20.565,12.339,8.226,3442,1291,0.41%,411300,164520,24678000,22621500,18508500
2023-06-27,7120.08,91997,1292.45,35489,4699.2528,2349.6264,3560.04,2136.024,1424.016,2839,1065,71.20%,71200800,28480320,4272048000,3916044000,3204036000
2023-06-28,7578.9,19908,712.15,20503,5002.074,2501.037,3789.45,2273.67,1515.78,1640,615,75.79%,75789000,30315600,4547340000,4168395000,3410505000
2023-06-29,8344.41,45723,4453.23,638,5507.3106,2753.6553,4172.205,2503.323,1668.882,51,19,83.44%,83444100,33377640,5006646000,4589425500,3754984500
2023-06-30,2363.79,89643,1048.13,36074,1560.1014,780.0507,1181.895,709.137,472.758,2886,1082,23.64%,23637900,9455160,1418274000,1300084500,1063705500
2023-07-01,2852.02,62721,2630.27,21520,1882.3332,941.1666,1426.01,855.606,570.404,1722,646,28.52%,28520200,11408080,1711212000,1568611000,1283409000
2023-07-02,8640.3,63129,2417.48,14269,5702.598,2851.299,4320.15,2592.09,1728.06,1142,428,86.40%,86403000,34561200,5184180000,4752165000,3888135000
2023-07-03,3006.2,12851,4016.25,23746,1984.092,992.046,1503.1,901.86,601.24,1900,712,30.06%,30062000,12024800,1803720000,1653410000,1352790000
2023-07-04,9082.39,84391,495.53,37960,5994.3774,2997.1887,4541.195,2724.717,1816.478,3037,1139,90.82%,90823900,36329560,5449434000,4995314500,4087075500
2023-07-05,395.9,21568,689.25,41768,261.294,130.647,197.95,118.77,79.18,3341,1253,3.96%,3959000,1583600,237540000,217745000,178155000
2023-07-06,6901.16,25063,689.79,20051,4554.7656,2277.3828,3450.58,2070.348,1380.232,1604,602,69.01%,69011600,27604640,4140696000,3795638000,3105522000
2023-07-07,472.95,92898,3311.8,17041,312.147,156.0735,236.475,141.885,94.59,1363,511,4.73%,4729500,1891800,283770000,260122500,212827500
2023-07-08,2590.99,92769,34.46,39424,1710.0534,855.0267,1295.495,777.297,518.198,3154,1183,25.91%,25909900,10363960,1554594000,1425044500,1165945500
2023-07-09,2083.46,54296,977.93,1494,1375.0836,687.5418,1041.73,625.038,416.692,120,45,20.83%,20834600,8333840,1250076000,1145903000,937557000
2023-07-10,1900.4,11789,724.98,43802,1254.264,627.132,950.2,570.12,380.08,3504,1314,19.00%,19004000,7601600,1140240000,1045220000,855180000
2023-07-11,2180.02,71487,2186.28,39146,1438.8132,719.4066,1090.01,654.006,436.004,3132,1174,21.80%,21800200,8720080,1308012000,1199011000,981009000
2023-07-12,1147.7,85735,1144.5,42787,757.482,378.741,573.85,344.31,229.54,3423,1284,11.48%,11477000,4590800,688620000,631235000,516465000
2023-07-13,3906.77,82263,2259.83,26934,2578.4682,1289.2341,1953.385,1172.031,781.354,2155,808,39.07%,39067700,15627080,2344062000,2148723500,1758046500
2023-07-14,2850.78,94258,4015.85,34177,1881.5148,940.7574,1425.39,855.234,570.156,2734,1025,28.51%,28507800,11403120,1710468000,1567929000,1282851000
2023-07-15,6657.15,4460,387.2,6645,4393.719,2196.8595,3328.575,1997.145,1331.43,532,199,66.57%,66571500,26628600,3994290000,3661432500,2995717500
2023-07-16,142.31,91083,874.42,9356,93.9246,46.9623,71.155,42.693,28.462,748,281,1.42%,1423100,569240,85386000,78270500,64039500
2023-07-17,5866.2,37593,1045.89,30013,3871.692,1935.846,2933.1,1759.86,1173.24,2401,900,58.66%,58662000,23464800,3519720000,3226410000,2639790000
2023-07-18,6913.05,89281,3420.89,29736,4562.613,2281.3065,3456.525,2073.915,1382.61,2379,892,69.13%,69130500,27652200,4147830000,3802177500,3110872500
2023-07-19,7714.47,97528,42.23,44844,5091.5502,2545.7751,3857.235,2314.341,1542.894,3588,1345,77.14%,77144700,30857880,4628682000,4242958500,3471511500
2023-07-20,8821.29,3967,1513.22,33418,5822.0514,2911.0257,4410.645,2646.387,1764.258,2673,1003,88.21%,88212900,35285160,5292774000,4851709500,3969580500
2023-07-21,1368.11,6147,2434.25,20509,902.9526,451.4763,684.055,410.433,273.622,1641,615,13.68%,13681100,5472440,820866000,752460500,615649500
2023-07-22,5351.53,56790,4050.54,15133,3532.0098,1766.0049,2675.765,1605.459,1070.306,1211,454,53.52%,53515300,21406120,3210918000,2943341500,2408188500
2023-07-23,3212.73,30486,56.36,8493,2120.4018,1060.2009,1606.365,963.819,642.546,679,255,32.13%,32127300,12850920,1927638000,1767001500,1445728500
2023-07-24,2010.41,5720,3034.27,27940,1326.8706,663.4353,1005.205,603.123,402.082,2235,838,20.10%,20104100,8041640,1206246000,1105725500,904684500
2023-07-25,4025.31,2116,3722.25,43057,2656.7046,1328.3523,2012.655,1207.593,805.062,3445,1292,40.25%,40253100,16101240,2415186000,2213920500,1811389500
2023-07-26,8554.0,87881,343.51,7862,5645.64,2822.82,4277.0,2566.2,1710.8,629,236,85.54%,85540000,34216000,5132400000,4704700000,3849300000
2023-07-27,4152.31,40701,3312.06,39828,2740.5246,1370.2623,2076.155,1245.693,830.462,3186,1195,41.52%,41523100,16609240,2491386000,2283770500,1868539500
2023-07-28,4111.81,61331,1589.86,2324,2713.7946,1356.8973,2055.905,1233.543,822.362,186,70,41.12%,41118100,16447240,2467086000,2261495500,1850314500
2023-07-29,461.12,65520,2743.1,29166,304.3392,152.1696,230.56,138.336,92.224,2333,875,4.61%,4611200,1844480,276672000,253616000,207504000
2023-07-30,6489.02,64711,931.48,21725,4282.7532,2141.3766,3244.51,1946.706,1297.804,1738,652,64.89%,64890200,25956080,3893412000,3568961000,2920059000
2023-07-31,1010.63,13949,1859.42,39962,667.0158,333.5079,505.315,303.189,202.126,3197,1199,10.11%,10106300,4042520,606378000,555846500,454783500
2023-08-01,7085.37,89042,1347.39,19354,4676.3442,2338.1721,3542.685,2125.611,1417.074,1548,581,70.85%,70853700,28341480,4251222000,3896953500,3188416500
2023-08-02,596.27,86551,3116.22,6923,393.5382,196.7691,298.135,178.881,119.254,554,208,5.96%,5962700,2385080,357762000,327948500,268321500
2023-08-03,6926.63,8589,3671.01,38640,4571.5758,2285.7879,3463.315,2077.989,1385.326,3091,1159,69.27%,69266300,27706520,4155978000,3809646500,3116983500
2023-08-04,1247.85,5549,590.16,38794,823.581,411.7905,623.925,374.355,249.57,3104,1164,12.48%,12478500,4991400,748710000,686317500,561532500
2023-08-05,1011.68,75839,2078.27,12216,667.7088,333.8544,505.84,303.504,202.336,977,366,10.12%,10116800,4046720,607008000,556424000,455256000
2023-08-06,7189.21,70378,3163.66,13012,4744.8786,2372.4393,3594.605,2156.763,1437.842,1041,390,71.89%,71892100,28756840,4313526000,3954065500,3235144500
2023-08-07,775.99,73333,2266.79,41059,512.1534,256.0767,387.995,232.797,155.198,3285,1232,7.76%,7759900,3103960,465594000,426794500,349195500
2023-08-08,8850.9,88268,1748.88,24471,5841.594,2920.797,4425.45,2655.27,1770.18,1958,734,88.51%,88509000,35403600,5310540000,4867995000,3982905000
2023-08-09,1325.26,8671,2887.76,26089,874.6716,437.3358,662.63,397.578,265.052,2087,783,13.25%,13252600,5301040,795156000,728893000,596367000
2023-08-10,6483.0,53851,4406.55,42504,4278.78,2139.39,3241.5,1944.9,1296.6,3400,1275,64.83%,64830000,25932000,3889800000,3565650000,2917350000
2023-08-11,9774.52,44008,2145.58,44360,6451.1832,3225.5916,4887.26,2932.356,1954.904,3549,1331,97.75%,97745200,39098080,5864712000,5375986000,4398534000
2023-08-12,7487.28,90487,384.16,14676,4941.6048,2470.8024,3743.64,2246.184,1497.456,1174,440,74.87%,74872800,29949120,4492368000,4118004000,3369276000
2023-08-13,2975.19,98085,3511.21,31610,1963.6254,981.8127,1487.595,892.557,595.038,2529,948,29.75%,29751900,11900760,1785114000,1636354500,1338835500
2023-08-14,153.3,87552,3279.99,15070,101.178,50.589,76.65,45.99,30.66,1206,452,1.53%,1533000,613200,91980000,84315000,68985000
2023-08-15,2041.21,5898,697.89,30777,1347.1986,673.5993,1020.605,612.363,408.242,2462,923,20.41%,20412100,8164840,1224726000,1122665500,918544500
2023-08-16,5027.59,9062,464.5,221,3318.2094,1659.1047,2513.795,1508.277,1005.518,18,7,50.28%,50275900,20110360,3016554000,2765174500,2262415500
2023-08-17,4048.89,65936,3897.01,33209,2672.2674,1336.1337,2024.445,1214.667,809.778,2657,996,40.49%,40488900,16195560,2429334000,2226889500,1822000500
2023-08-18,2350.06,68832,999.53,10182,1551.0396,775.5198,1175.03,705.018,470.012,815,305,23.50%,23500600,9400240,1410036000,1292533000,1057527000
2023-08-19,6963.28,54005,1574.22,33519,4595.7648,2297.8824,3481.64,2088.984,1392.656,2682,1006,69.63%,69632800,27853120,4177968000,3829804000,3133476000
2023-08-20,8440.15,20542,2767.4,31742,5570.499,2785.2495,4220.075,2532.045,1688.03,2539,952,84.40%,84401500,33760600,5064090000,4642082500,3798067500
2023-08-21,3710.0,54435,1356.72,39180,2448.6,1224.3,1855.0,1113.0,742.0,3134,1175,37.10%,37100000,14840000,2226000000,2040500000,1669500000
2023-08-22,2979.82,29960,879.95,44328,1966.6812,983.3406,1489.91,893.946,595.964,3546,1330,29.80%,29798200,11919280,1787892000,1638901000,1340919000
2023-08-23,5882.58,61430,3492.57,22326,3882.5028,1941.2514,2941.29,1764.774,1176.516,1786,670,58.83%,58825800,23530320,3529548000,3235419000,2647161000
2023-08-24,3053.08,76011,2278.62,38196,2015.0328,1007.5164,1526.54,915.924,610.616,3056,1146,30.53%,30530800,12212320,1831848000,1679194000,1373886000
2023-08-25,1549.18,1353,3549.78,41185,1022.4588,511.2294,774.59,464.754,309.836,3295,1236,15.49%,15491800,6196720,929508000,852049000,697131000
2023-08-26,9905.9,32582,2496.4,43311,6537.894,3268.947,4952.95,2971.77,1981.18,3465,1299,99.06%,99059000,39623600,5943540000,5448245000,4457655000
2023-08-27,2779.16,1921,1430.82,10503,1834.2456,917.1228,1389.58,833.748,555.832,840,315,27.79%,27791600,11116640,1667496000,1528538000,1250622000
2023-08-28,5609.66,23209,2065.3,10766,3702.3756,1851.1878,2804.83,1682.898,1121.932,861,323,56.10%,56096600,22438640,3365796000,3085313000,2524347000
2023-08-29,1141.2,82086,1918.73,43636,753.192,376.596,570.6,342.36,228.24,3491,1309,11.41%,11412000,4564800,684720000,627660000,513540000
2023-08-30,682.52,74542,9.28,36877,450.4632,225.2316,341.26,204.756,136.504,2950,1106,6.83%,6825200,2730080,409512000,375386000,307134000
2023-08-31,9929.6,5416,606.78,19173,6553.536,3276.768,4964.8,2978.88,1985.92,1534,575,99.30%,99296000,39718400,5957760000,5461280000,4468320000
2023-09-01,1791.32,50194,474.58,13134,1182.2712,591.1356,895.66,537.396,358.264,1051,394,17.91%,17913200,7165280,1074792000,985226000,806094000
2023-09-02,6778.24,60259,2305.61,19437,4473.6384,2236.8192,3389.12,2033.472,1355.648,1555,583,67.78%,67782400,27112960,4066944000,3728032000,3050208000
2023-09-03,7656.77,8659,4155.12,10043,5053.4682,2526.7341,3828.385,2297.031,1531.354,803,301,76.57%,76567700,30627080,4594062000,4211223500,3445546500
2023-09-04,3062.27,35567,4317.9,37155,2021.0982,1010.5491,1531.135,918.681,612.454,2972,1115,30.62%,30622700,12249080,1837362000,1684248500,1378021500
2023-09-05,5506.77,9277,1511.13,814,3634.4682,1817.2341,2753.385,1652.031,1101.354,65,24,55.07%,55067700,22027080,3304062000,3028723500,2478046500
2023-09-06,1291.72,89799,494.48,14933,852.5352,426.2676,645.86,387.516,258.344,1195,448,12.92%,12917200,5166880,775032000,710446000,581274000
2023-09-07,4000.47,43178,2775.83,28948,2640.3102,1320.1551,2000.235,1200.141,800.094,2316,868,40.00%,40004700,16001880,2400282000,2200258500,1800211500
2023-09-08,8998.2,51539,1635.6,44433,5938.812,2969.406,4499.1,2699.46,1799.64,3555,1333,89.98%,89982000,35992800,5398920000,4949010000,4049190000
2023-09-09,2949.59,23575,1356.32,16426,1946.7294,973.3647,1474.795,884.877,589.918,1314,493,29.50%,29495900,11798360,1769754000,1622274500,1327315500
2023-09-10,1360.32,1679,2938.9,37926,897.8112,448.9056,680.16,408.096,272.064,3034,1138,13.60%,13603200,5441280,816192000,748176000,612144000
2023-09-11,6739.58,44,1767.34,3299,4448.1228,2224.0614,3369.79,2021.874,1347.916,264,99,67.40%,67395800,26958320,4043748000,3706769000,3032811000
2023-09-12,314.89,27825,3739.63,15021,207.8274,103.9137,157.445,94.467,62.978,1202,451,3.15%,3148900,1259560,188934000,173189500,141700500
2023-09-13,3628.49,57531,1488.48,16126,2394.8034,1197.4017,1814.245,1088.547,725.698,1290,484,36.28%,36284900,14513960,2177094000,1995669500,1632820500
2023-09-14,6553.37,28750,2419.59,8132,4325.2242,2162.6121,3276.685,1966.011,1310.674,651,244,65.53%,65533700,26213480,3932022000,3604353500,2949016500
2023-09-15,5473.44,30640,3811.71,1195,3612.4704,1806.2352,2736.72,1642.032,1094.688,96,36,54.73%,54734400,21893760,3284064000,3010392000,2463048000
2023-09-16,359.12,52353,3436.99,41729,237.0192,118.5096,179.56,107.736,71.824,3338,1252,3.59%,3591200,1436480,215472000,197516000,161604000
2023-09-17,8880.57,24142,1943.88,27580,5861.1762,2930.5881,4440.285,2664.171,1776.114,2206,827,88.81%,88805700,35522280,5328342000,4884313500,3996256500
2023-09-18,3793.38,28352,3409.3,13976,2503.6308,1251.8154,1896.69,1138.014,758.676,1118,419,37.93%,37933800,15173520,2276028000,2086359000,1707021000
2023-09-19,21.8,65516,1350.5,30528,14.388,7.194,10.9,6.54,4.36,2442,916,0.22%,218000,87200,13080000,11990000,9810000
2023-09-20,8631.26,87535,3760.5,17133,5696.6316,2848.3158,4315.63,2589.378,1726.252,1371,514,86.31%,86312600,34525040,5178756000,4747193000,3884067000
2023-09-21,9365.35,92372,4483.69,21696,6181.131,3090.5655,4682.675,2809.605,1873.07,1736,651,93.65%,93653500,37461400,5619210000,5150942500,4214407500
2023-09-22,9900.79,56512,978.72,11731,6534.5214,3267.2607,4950.395,2970.237,1980.158,938,352,99.01%,99007900,39603160,5940474000,5445434500,4455355500
2023-09-23,174.84,54958,3935.36,4736,115.3944,57.6972,87.42,52.452,34.968,379,142,1.75%,1748400,699360,104904000,96162000,78678000
2023-09-24,9402.21,97974,2257.56,29301,6205.4586,3102.7293,4701.105,2820.663,1880.442,2344,879,94.02%,94022100,37608840,5641326000,5171215500,4230994500
2023-09-25,8494.27,39731,3177.1,5586,5606.2182,2803.1091,4247.135,2548.281,1698.854,447,168,84.94%,84942700,33977080,5096562000,4671848500,3822421500
2023-09-26,5971.72,58043,836.37,427,3941.3352,1970.6676,2985.86,1791.516,1194.344,34,13,59.72%,59717200,23886880,3583032000,3284446000,2687274000
2023-09-27,3859.63,64163,881.87,19885,2547.3558,1273.6779,1929.815,1157.889,771.926,1591,597,38.60%,38596300,15438520,2315778000,2122796500,1736833500
2023-09-28,9248.2,44639,365.48,21782,6103.812,3051.906,4624.1,2774.46,1849.64,1743,653,92.48%,92482000,36992800,5548920000,5086510000,4161690000
2023-09-29,5615.95,55593,1714.83,4491,3706.527,1853.2635,2807.975,1684.785,1123.19,359,135,56.16%,56159500,22463800,3369570000,3088772500,2527177500
2023-09-30,9589.21,84255,4016.83,29698,6328.8786,3164.4393,4794.605,2876.763,1917.842,2376,891,95.89%,95892100,38356840,5753526000,5274065500,4315144500
2023-10-01,6196.23,53989,2223.01,38640,4089.5118,2044.7559,3098.115,1858.869,1239.246,3091,1159,61.96%,61962300,24784920,3717738000,3407926500,2788303500
2023-10-02,5070.97,48428,3813.3,24375,3346.8402,1673.4201,2535.485,1521.291,1014.194,1950,731,50.71%,50709700,20283880,3042582000,2789033500,2281936500
2023-10-03,9565.93,30849,2495.42,17157,6313.5138,3156.7569,4782.965,2869.779,1913.186,1373,515,95.66%,95659300,38263720,5739558000,5261261500,4304668500
2023-10-04,9105.79,76199,1167.47,43324,6009.8214,3004.9107,4552.895,2731.737,1821.158,3466,1300,91.06%,91057900,36423160,5463474000,5008184500,4097605500
2023-10-05,6667.57,26469,1941.26,21429,4400.5962,2200.2981,3333.785,2000.271,1333.514,1714,643,66.68%,66675700,26670280,4000542000,3667163500,3000406500
2023-10-06,3124.85,13244,2842.2,36522,2062.401,1031.2005,1562.425,937.455,624.97,2922,1096,31.25%,31248500,12499400,1874910000,1718667500,1406182500
2023-10-07,9149.83,93638,374.3,40875,6038.8878,3019.4439,4574.915,2744.949,1829.966,3270,1226,91.50%,91498300,36599320,5489898000,5032406500,4117423500
2023-10-08,1161.0,33412,3861.32,32196,766.26,383.13,580.5,348.3,232.2,2576,966,11.61%,11610000,4644000,696600000,638550000,522450000
2023-10-09,9767.75,173,4067.19,16226,6446.715,3223.3575,4883.875,2930.325,1953.55,1298,487,97.68%,97677500,39071000,5860650000,5372262500,4395487500
2023-10-10,605.15,98092,3141.76,23387,399.399,199.6995,302.575,181.545,121.03,1871,702,6.05%,6051500,2420600,363090000,332832500,272317500
2023-10-11,5266.21,57909,2574.25,15846,3475.6986,1737.8493,2633.105,1579.863,1053.242,1268,475,52.66%,52662100,21064840,3159726000,2896415500,2369794500
2023-10-12,6248.88,24000,1846.48,18588,4124.2608,2062.1304,3124.44,1874.664,1249.776,1487,558,62.49%,62488800,24995520,3749328000,3436884000,2811996000
2023-10-13,8504.27,74511,2755.77,37236,5612.8182,2806.4091,4252.135,2551.281,1700.854,2979,1117,85.04%,85042700,34017080,5102562000,4677348500,3826921500
2023-10-14,9101.74,92440,1020.84,12637,6007.1484,3003.5742,4550.87,2730.522,1820.348,1011,379,91.02%,91017400,36406960,5461044000,5005957000,4095783000
2023-10-15,6915.91,80204,471.7,10980,4564.5006,2282.2503,3457.955,2074.773,1383.182,878,329,69.16%,69159100,27663640,4149546000,3803750500,3112159500
2023-10-16,1301.87,95380,2270.32,39077,859.2342,429.6171,650.935,390.561,260.374,3126,1172,13.02%,13018700,5207480,781122000,716028500,585841500
2023-10-17,1998.12,21239,540.78,41446,1318.7592,659.3796,999.06,599.436,399.624,3316,1243,19.98%,19981200,7992480,1198872000,1098966000,899154000
2023-10-18,7800.04,80342,2529.6,28268,5148.0264,2574.0132,3900.02,2340.012,1560.008,2261,848,78.00%,78000400,31200160,4680024000,4290022000,3510018000
2023-10-19,5052.94,87996,2474.8,9896,3334.9404,1667.4702,2526.47,1515.882,1010.588,792,297,50.53%,50529400,20211760,3031764000,2779117000,2273823000
2023-10-20,9234.24,77550,1787.92,33522,6094.5984,3047.2992,4617.12,2770.272,1846.848,2682,1006,92.34%,92342400,36936960,5540544000,5078832000,4155408000
2023-10-21,4532.53,32181,2503.09,13850,2991.4698,1495.7349,2266.265,1359.759,906.506,1108,416,45.33%,45325300,18130120,2719518000,2492891500,2039638500
2023-10-22,4506.6,38511,3929.93,39223,2974.356,1487.178,2253.3,1351.98,901.32,3138,1177,45.07%,45066000,18026400,2703960000,2478630000,2027970000
2023-10-23,4391.48,8895,4009.27,16365,2898.3768,1449.1884,2195.74,1317.444,878.296,1309,491,43.91%,43914800,17565920,2634888000,2415314000,1976166000
2023-10-24,6233.33,84378,3152.62,35524,4113.9978,2056.9989,3116.665,1869.999,1246.666,2842,1066,62.33%,62333300,24933320,3739998000,3428331500,2804998500
2023-10-25,8729.74,48732,3533.97,43856,5761.6284,2880.8142,4364.87,2618.922,1745.948,3508,1316,87.30%,87297400,34918960,5237844000,4801357000,3928383000
2023-10-26,5043.36,71942,3541.42,14246,3328.6176,1664.3088,2521.68,1513.008,1008.672,1140,427,50.43%,50433600,20173440,3026016000,2773848000,2269512000
2023-10-27,1874.26,81716,3593.05,4304,1237.0116,618.5058,937.13,562.278,374.852,344,129,18.74%,18742600,7497040,1124556000,1030843000,843417000
2023-10-28,2890.0,83452,1546.11,14006,1907.4,953.7,1445.0,867.0,578.0,1120,420,28.90%,28900000,11560000,1734000000,1589500000,1300500000
2023-10-29,9532.87,61630,2626.28,987,6291.6942,3145.8471,4766.435,2859.861,1906.574,79,30,95.33%,95328700,38131480,5719722000,5243078500,4289791500
2023-10-30,3326.79,57745,3922.32,29726,2195.6814,1097.8407,1663.395,998.037,665.358,2378,892,33.27%,33267900,13307160,1996074000,1829734500,1497055500
2023-10-31,28.08,18267,270.27,24938,18.5328,9.2664,14.04,8.424,5.616,1995,748,0.28%,280800,112320,16848000,15444000,12636000
2023-11-01,5167.99,67050,2648.4,23174,3410.8734,1705.4367,2583.995,1550.397,1033.598,1854,695,51.68%,51679900,20671960,3100794000,2842394500,2325595500
2023-11-02,3746.34,52554,2607.53,44053,2472.5844,1236.2922,1873.17,1123.902,749.268,3524,1322,37.46%,37463400,14985360,2247804000,2060487000,1685853000
2023-11-03,9036.7,57059,3751.96,25094,5964.222,2982.111,4518.35,2711.01,1807.34,2008,753,90.37%,90367000,36146800,5422020000,4970185000,4066515000
2023-11-04,1378.72,49942,801.4,43580,909.9552,454.9776,689.36,413.616,275.744,3486,1307,13.79%,13787200,5514880,827232000,758296000,620424000
2023-11-05,8119.35,32882,1154.97,33442,5358.771,2679.3855,4059.675,2435.805,1623.87,2675,1003,81.19%,81193500,32477400,4871610000,4465642500,3653707500
2023-11-06,9252.93,2401,3175.05,9015,6106.9338,3053.4669,4626.465,2775.879,1850.586,721,270,92.53%,92529300,37011720,5551758000,5089111500,4163818500
2023-11-07,3620.18,9743,661.03,37104,2389.3188,1194.6594,1810.09,1086.054,724.036,2968,1113,36.20%,36201800,14480720,2172108000,1991099000,1629081000
2023-11-08,2843.79,71783,497.42,40988,1876.9014,938.4507,1421.895,853.137,568.758,3279,1230,28.44%,28437900,11375160,1706274000,1564084500,1279705500
2023-11-09,2860.31,94274,2057.93,9708,1887.8046,943.9023,1430.155,858.093,572.062,777,291,28.60%,28603100,11441240,1716186000,1573170500,1287139500
2023-11-10,6780.44,91093,3544.53,6656,4475.0904,2237.5452,3390.22,2034.132,1356.088,532,200,67.80%,67804400,27121760,4068264000,3729242000,3051198000
2023-11-11,3760.29,11096,2738.33,22802,2481.7914,1240.8957,1880.145,1128.087,752.058,1824,684,37.60%,37602900,15041160,2256174000,2068159500,1692130500
2023-11-12,2224.14,79792,3904.82,5651,1467.9324,733.9662,1112.07,667.242,444.828,452,170,22.24%,22241400,8896560,1334484000,1223277000,1000863000
2023-11-13,8099.64,37739,792.95,30564,5345.7624,2672.8812,4049.82,2429.892,1619.928,2445,917,81.00%,80996400,32398560,4859784000,4454802000,3644838000
2023-11-14,6215.52,66750,172.69,12323,4102.2432,2051.1216,3107.76,1864.656,1243.104,986,370,62.16%,62155200,24862080,3729312000,3418536000,2796984000
2023-11-15,2690.53,75591,734.01,15614,1775.7498,887.8749,1345.265,807.159,538.106,1249,468,26.91%,26905300,10762120,1614318000,1479791500,1210738500
2023-11-16,993.37,44793,2686.19,24188,655.6242,327.8121,496.685,298.011,198.674,1935,726,9.93%,9933700,3973480,596022000,546353500,447016500
2023-11-17,1701.52,37999,770.4,25909,1123.0032,561.5016,850.76,510.456,340.304,2073,777,17.02%,17015200,6806080,1020912000,935836000,765684000
2023-11-18,2207.54,68050,4170.66,31926,1456.9764,728.4882,1103.77,662.262,441.508,2554,958,22.08%,22075400,8830160,1324524000,1214147000,993393000
2023-11-19,3858.35,73616,3473.73,35918,2546.511,1273.2555,1929.175,1157.505,771.67,2873,1078,38.58%,38583500,15433400,2315010000,2122092500,1736257500
2023-11-20,4718.29,73333,91.19,2477,3114.0714,1557.0357,2359.145,1415.487,943.658,198,74,47.18%,47182900,18873160,2830974000,2595059500,2123230500
2023-11-21,1358.54,39199,986.4,40697,896.6364,448.3182,679.27,407.562,271.708,3256,1221,13.59%,13585400,5434160,815124000,747197000,611343000
2023-11-22,7881.09,83938,1495.59,44603,5201.5194,2600.7597,3940.545,2364.327,1576.218,3568,1338,78.81%,78810900,31524360,4728654000,4334599500,3546490500
2023-11-23,8106.2,58890,4399.87,10855,5350.092,2675.046,4053.1,2431.86,1621.24,868,326,81.06%,81062000,32424800,4863720000,4458410000,3647790000
2023-11-24,6851.85,5644,4353.42,6085,4522.221,2261.1105,3425.925,2055.555,1370.37,487,183,68.52%,68518500,27407400,4111110000,3768517500,3083332500
2023-11-25,2851.24,6841,3820.51,8476,1881.8184,940.9092,1425.62,855.372,570.248,678,254,28.51%,28512400,11404960,1710744000,1568182000,1283058000
2023-11-26,9121.13,12496,1482.92,42944,6019.9458,3009.9729,4560.565,2736.339,1824.226,3436,1288,91.21%,91211300,36484520,5472678000,5016621500,4104508500
2023-11-27,3428.17,36433,2506.97,16765,2262.5922,1131.2961,1714.085,1028.451,685.634,1341,503,34.28%,34281700,13712680,2056902000,1885493500,1542676500
2023-11-28,3497.12,24031,4263.56,38732,2308.0992,1154.0496,1748.56,1049.136,699.424,3099,1162,34.97%,34971200,13988480,2098272000,1923416000,1573704000
2023-11-29,2993.75,64443,223.06,33702,1975.875,987.9375,1496.875,898.125,598.75,2696,1011,29.94%,29937500,11975000,1796250000,1646562500,1347187500
2023-11-30,5411.52,17558,1168.24,41549,3571.6032,1785.8016,2705.76,1623.456,1082.304,3324,1246,54.12%,54115200,21646080,3246912000,2976336000,2435184000
2023-12-01,9627.28,44866,2445.18,38430,6354.0048,3177.0024,4813.64,2888.184,1925.456,3074,1153,96.27%,96272800,38509120,5776368000,5295004000,4332276000
2023-12-02,1704.49,25084,1987.4,18709,1124.9634,562.4817,852.245,511.347,340.898,1497,561,17.04%,17044900,6817960,1022694000,937469500,767020500
2023-12-03,8981.36,81892,2531.69,1929,5927.6976,2963.8488,4490.68,2694.408,1796.272,154,58,89.81%,89813600,35925440,5388816000,4939748000,4041612000
2023-12-04,7711.69,18477,2275.28,38307,5089.7154,2544.8577,3855.845,2313.507,1542.338,3065,1149,77.12%,77116900,30846760,4627014000,4241429500,3470260500
2023-12-05,635.32,51337,1833.0,25536,419.3112,209.6556,317.66,190.596,127.064,2043,766,6.35%,6353200,2541280,381192000,349426000,285894000
2023-12-06,775.43,59573,4172.13,35325,511.7838,255.8919,387.715,232.629,155.086,2826,1060,7.75%,7754300,3101720,465258000,426486500,348943500
2023-12-07,158.48,23571,2953.15,29261,104.5968,52.2984,79.24,47.544,31.696,2341,878,1.58%,1584800,633920,95088000,87164000,71316000
2023-12-08,8495.66,41593,482.36,37727,5607.1356,2803.5678,4247.83,2548.698,1699.132,3018,1132,84.96%,84956600,33982640,5097396000,4672613000,3823047000
2023-12-09,7749.35,94999,361.14,24493,5114.571,2557.2855,3874.675,2324.805,1549.87,1959,735,77.49%,77493500,30997400,4649610000,4262142500,3487207500
2023-12-10,8571.37,7586,1808.4,15663,5657.1042,2828.5521,4285.685,2571.411,1714.274,1253,470,85.71%,85713700,34285480,5142822000,4714253500,3857116500
2023-12-11,6578.06,22680,3894.75,34242,4341.5196,2170.7598,3289.03,1973.418,1315.612,2739,1027,65.78%,65780600,26312240,3946836000,3617933000,2960127000
2023-12-12,9360.46,70771,852.25,15474,6177.9036,3088.9518,4680.23,2808.138,1872.092,1238,464,93.60%,93604600,37441840,5616276000,5148253000,4212207000
2023-12-13,9137.49,83937,2553.47,28861,6030.7434,3015.3717,4568.745,2741.247,1827.498,2309,866,91.37%,91374900,36549960,5482494000,5025619500,4111870500
2023-12-14,8199.2,41174,1067.96,30257,5411.472,2705.736,4099.6,2459.76,1639.84,2421,908,81.99%,81992000,32796800,4919520000,4509560000,3689640000
2023-12-15,1282.95,59307,15.59,21187,846.747,423.3735,641.475,384.885,256.59,1695,636,12.83%,12829500,5131800,769770000,705622500,577327500
2023-12-16,4230.84,11368,4018.92,28287,2792.3544,1396.1772,2115.42,1269.252,846.168,2263,849,42.31%,42308400,16923360,2538504000,2326962000,1903878000
2023-12-17,1832.77,5155,3431.67,3452,1209.6282,604.8141,916.385,549.831,366.554,276,104,18.33%,18327700,7331080,1099662000,1008023500,824746500
2023-12-18,9182.09,16761,2220.63,1581,6060.1794,3030.0897,4591.045,2754.627,1836.418,126,47,91.82%,91820900,36728360,5509254000,5050149500,4131940500
2023-12-19,5818.92,54927,979.56,1031,3840.4872,1920.2436,2909.46,1745.676,1163.784,82,31,58.19%,58189200,23275680,3491352000,3200406000,2618514000
2023-12-20,7137.67,21265,3170.45,32267,4710.8622,2355.4311,3568.835,2141.301,1427.534,2581,968,71.38%,71376700,28550680,4282602000,3925718500,3211951500
2023-12-21,6972.1,89370,2131.0,10362,4601.586,2300.793,3486.05,2091.63,1394.42,829,311,69.72%,69721000,27888400,4183260000,3834655000,3137445000
2023-12-22,5807.5,15250,2867.11,31,3832.95,1916.475,2903.75,1742.25,1161.5,2,1,58.08%,58075000,23230000,3484500000,3194125000,2613375000
2023-12-23,3410.36,25061,1363.58,15086,2250.8376,1125.4188,1705.18,1023.108,682.072,1207,453,34.10%,34103600,13641440,2046216000,1875698000,1534662000
2023-12-24,1934.33,28403,1628.25,2024,1276.6578,638.3289,967.165,580.299,386.866,162,61,19.34%,19343300,7737320,1160598000,1063881500,870448500
2023-12-25,4872.12,85325,745.98,3174,3215.5992,1607.7996,2436.06,1461.636,974.424,254,95,48.72%,48721200,19488480,2923272000,2679666000,2192454000
2023-12-26,1048.95,91401,2354.84,22626,692.307,346.1535,524.475,314.685,209.79,1810,679,10.49%,10489500,4195800,629370000,576922500,472027500
2023-12-27,3051.82,42597,8.06,19448,2014.2012,1007.1006,1525.91,915.546,610.364,1556,583,30.52%,30518200,12207280,1831092000,1678501000,1373319000
2023-12-28,6260.5,94787,1822.66,42147,4131.93,2065.965,3130.25,1878.15,1252.1,3372,1264,62.61%,62605000,25042000,3756300000,3443275000,2817225000
2023-12-29,1986.08,16698,3959.84,22842,1310.8128,655.4064,993.04,595.824,397.216,1827,685,19.86%,19860800,7944320,1191648000,1092344000,893736000
2023-12-30,6353.41,50133,142.8,1477,4193.2506,2096.6253,3176.705,1906.023,1270.682,118,44,63.53%,63534100,25413640,3812046000,3494375500,2859034500
2023-12-31,9381.65,64525,3798.47,40338,6191.889,3095.9445,4690.825,2814.495,1876.33,3227,1210,93.82%,93816500,37526600,5628990000,5159907500,4221742500
2024-01-01,7276.6,35372,3980.71,20828,4802.556,2401.278,3638.3,2182.98,1455.32,1666,625,72.77%,72766000,29106400,4365960000,4002130000,3274470000
2024-01-02,664.6,34102,2849.49,21318,438.636,219.318,332.3,199.38,132.92,1705,640,6.65%,6646000,2658400,398760000,365530000,299070000
2024-01-03,1537.22,49769,2300.91,34820,1014.5652,507.2826,768.61,461.166,307.444,2786,1045,15.37%,15372200,6148880,922332000,845471000,691749000
2024-01-04,1915.64,44294,715.88,36847,1264.3224,632.1612,957.82,574.692,383.128,2948,1105,19.16%,19156400,7662560,1149384000,1053602000,862038000
2024-01-05,9562.65,22398,3238.03,36370,6311.349,3155.6745,4781.325,2868.795,1912.53,2910,1091,95.63%,95626500,38250600,5737590000,5259457500,4303192500
2024-01-06,1757.74,23571,629.37,3486,1160.1084,580.0542,878.87,527.322,351.548,279,105,17.58%,17577400,7030960,1054644000,966757000,790983000
2024-01-07,6753.5,72442,2848.79,9340,4457.31,2228.655,3376.75,2026.05,1350.7,747,280,67.54%,67535000,27014000,4052100000,3714425000,3039075000
2024-01-08,69.89,6476,1811.0,4356,46.1274,23.0637,34.945,20.967,13.978,348,131,0.70%,698900,279560,41934000,38439500,31450500
2024-01-09,553.72,5643,727.64,12279,365.4552,182.7276,276.86,166.116,110.744,982,368,5.54%,5537200,2214880,332232000,304546000,249174000
2024-01-10,6690.09,13713,3943.55,13878,4415.4594,2207.7297,3345.045,2007.027,1338.018,1110,416,66.90%,66900900,26760360,4014054000,3679549500,3010540500
2024-01-11,4463.4,75983,1577.2,33439,2945.844,1472.922,2231.7,1339.02,892.68,2675,1003,44.63%,44634000,17853600,2678040000,2454870000,2008530000
2024-01-12,2800.59,4371,1029.89,41606,1848.3894,924.1947,1400.295,840.177,560.118,3328,1248,28.01%,28005900,11202360,1680354000,1540324500,1260265500
2024-01-13,5869.31,78548,2743.81,3049,3873.7446,1936.8723,2934.655,1760.793,1173.862,244,91,58.69%,58693100,23477240,3521586000,3228120500,2641189500
2024-01-14,8480.15,34343,928.48,16286,5596.899,2798.4495,4240.075,2544.045,1696.03,1303,489,84.80%,84801500,33920600,5088090000,4664082500,3816067500
2024-01-15,6527.71,70189,2291.41,12567,4308.2886,2154.1443,3263.855,1958.313,1305.542,1005,377,65.28%,65277100,26110840,3916626000,3590240500,2937469500
2024-01-16,4953.08,62202,1176.41,41305,3269.0328,1634.5164,2476.54,1485.924,990.616,3304,1239,49.53%,49530800,19812320,2971848000,2724194000,2228886000
2024-01-17,2259.08,92296,139.19,10026,1490.9928,745.4964,1129.54,677.724,451.816,802,301,22.59%,22590800,9036320,1355448000,1242494000,1016586000
2024-01-18,722.02,54123,3631.06,12117,476.5332,238.2666,361.01,216.606,144.404,969,364,7.22%,7220200,2888080,433212000,397111000,324909000
2024-01-19,6245.58,734,4441.66,35357,4122.0828,2061.0414,3122.79,1873.674,1249.116,2829,1061,62.46%,62455800,24982320,3747348000,3435069000,2810511000
2024-01-20,4572.62,47577,417.49,23211,3017.9292,1508.9646,2286.31,1371.786,914.524,1857,696,45.73%,45726200,18290480,2743572000,2514941000,2057679000
2024-01-21,5003.04,32230,3088.53,7290,3302.0064,1651.0032,2501.52,1500.912,1000.608,583,219,50.03%,50030400,20012160,3001824000,2751672000,2251368000
2024-01-22,7707.01,12986,1086.22,1664,5086.6266,2543.3133,3853.505,2312.103,1541.402,133,50,77.07%,77070100,30828040,4624206000,4238855500,3468154500
2024-01-23,6383.76,41667,2672.93,14844,4213.2816,2106.6408,3191.88,1915.128,1276.752,1188,445,63.84%,63837600,25535040,3830256000,3511068000,2872692000
2024-01-24,1336.63,64023,81.84,35646,882.1758,441.0879,668.315,400.989,267.326,2852,1069,13.37%,13366300,5346520,801978000,735146500,601483500
2024-01-25,1460.07,83378,593.0,25253,963.6462,481.8231,730.035,438.021,292.014,2020,758,14.60%,14600700,5840280,876042000,803038500,657031500
2024-01-26,6269.46,16707,3361.23,32349,4137.8436,2068.9218,3134.73,1880.838,1253.892,2588,970,62.69%,62694600,25077840,3761676000,3448203000,2821257000
2024-01-27,6717.43,82960,1117.29,31345,4433.5038,2216.7519,3358.715,2015.229,1343.486,2508,940,67.17%,67174300,26869720,4030458000,3694586500,3022843500
2024-01-28,5345.86,34460,4117.99,29774,3528.2676,1764.1338,2672.93,1603.758,1069.172,2382,893,53.46%,53458600,21383440,3207516000,2940223000,2405637000
2024-01-29,494.17,84324,2858.18,31525,326.1522,163.0761,247.085,148.251,98.834,2522,946,4.94%,4941700,1976680,296502000,271793500,222376500
2024-01-30,7973.59,22447,1805.32,31074,5262.5694,2631.2847,3986.795,2392.077,1594.718,2486,932,79.74%,79735900,31894360,4784154000,4385474500,3588115500
2024-01-31,6641.03,27148,1667.61,44851,4383.0798,2191.5399,3320.515,1992.309,1328.206,3588,1346,66.41%,66410300,26564120,3984618000,3652566500,2988463500
2024-02-01,3263.2,84926,462.27,38470,2153.712,1076.856,1631.6,978.96,652.64,3078,1154,32.63%,32632000,13052800,1957920000,1794760000,1468440000
2024-02-02,364.71,48893,803.06,16774,240.7086,120.3543,182.355,109.413,72.942,1342,503,3.65%,3647100,1458840,218826000,200590500,164119500
2024-02-03,3703.77,55103,3070.43,39912,2444.4882,1222.2441,1851.885,1111.131,740.754,3193,1197,37.04%,37037700,14815080,2222262000,2037073500,1666696500
2024-02-04,7800.73,32087,1976.01,8397,5148.4818,2574.2409,3900.365,2340.219,1560.146,672,252,78.01%,78007300,31202920,4680438000,4290401500,3510328500
2024-02-05,973.36,66874,3826.08,27901,642.4176,321.2088,486.68,292.008,194.672,2232,837,9.73%,9733600,3893440,584016000,535348000,438012000
2024-02-06,9878.14,53337,564.54,31499,6519.5724,3259.7862,4939.07,2963.442,1975.628,2520,945,98.78%,98781400,39512560,5926884000,5432977000,4445163000
2024-02-07,4608.95,54213,2649.39,18640,3041.907,1520.9535,2304.475,1382.685,921.79,1491,559,46.09%,46089500,18435800,2765370000,2534922500,2074027500
2024-02-08,2790.29,76081,946.52,36221,1841.5914,920.7957,1395.145,837.087,558.058,2898,1087,27.90%,27902900,11161160,1674174000,1534659500,1255630500
2024-02-09,886.46,7566,5.58,29844,585.0636,292.5318,443.23,265.938,177.292,2388,895,8.86%,8864600,3545840,531876000,487553000,398907000
2024-02-10,668.62,93965,3226.87,35490,441.2892,220.6446,334.31,200.586,133.724,2839,1065,6.69%,6686200,2674480,401172000,367741000,300879000
2024-02-11,9691.96,69990,2191.11,34915,6396.6936,3198.3468,4845.98,2907.588,1938.392,2793,1047,96.92%,96919600,38767840,5815176000,5330578000,4361382000
2024-02-12,3481.94,28116,208.78,34516,2298.0804,1149.0402,1740.97,1044.582,696.388,2761,1035,34.82%,34819400,13927760,2089164000,1915067000,1566873000
2024-02-13,7998.55,64672,47.22,13357,5279.043,2639.5215,3999.275,2399.565,1599.71,1069,401,79.99%,79985500,31994200,4799130000,4399202500,3599347500
2024-02-14,4303.2,69691,496.86,4162,2840.112,1420.056,2151.6,1290.96,860.64,333,125,43.03%,43032000,17212800,2581920000,2366760000,1936440000
2024-02-15,1924.37,29318,4212.26,30275,1270.0842,635.0421,962.185,577.311,384.874,2422,908,19.24%,19243700,7697480,1154622000,1058403500,865966500
2024-02-16,2713.5,29888,4364.4,17604,1790.91,895.455,1356.75,814.05,542.7,1408,528,27.14%,27135000,10854000,1628100000,1492425000,1221075000
2024-02-17,8242.85,44729,1342.22,19048,5440.281,2720.1405,4121.425,2472.855,1648.57,1524,571,82.43%,82428500,32971400,4945710000,4533567500,3709282500
2024-02-18,7380.76,57718,1832.39,2518,4871.3016,2435.6508,3690.38,2214.228,1476.152,201,76,73.81%,73807600,29523040,4428456000,4059418000,3321342000
2024-02-19,7146.72,23543,1871.99,4234,4716.8352,2358.4176,3573.36,2144.016,1429.344,339,127,71.47%,71467200,28586880,4288032000,3930696000,3216024000
2024-02-20,4508.61,5408,3124.46,1088,2975.6826,1487.8413,2254.305,1352.583,901.722,87,33,45.09%,45086100,18034440,2705166000,2479735500,2028874500
2024-02-21,2215.66,25504,2430.01,2761,1462.3356,731.1678,1107.83,664.698,443.132,221,83,22.16%,22156600,8862640,1329396000,1218613000,997047000
2024-02-22,3621.83,19628,1004.99,8142,2390.4078,1195.2039,1810.915,1086.549,724.366,651,244,36.22%,36218300,14487320,2173098000,1992006500,1629823500
2024-02-23,1747.72,59929,3051.91,30968,1153.4952,576.7476,873.86,524.316,349.544,2477,929,17.48%,17477200,6990880,1048632000,961246000,786474000
2024-02-24,2044.37,67866,4455.32,22702,1349.2842,674.6421,1022.185,613.311,408.874,1816,681,20.44%,20443700,8177480,1226622000,1124403500,919966500
2024-02-25,59.44,32898,4289.2,43135,39.2304,19.6152,29.72,17.832,11.888,3451,1294,0.59%,594400,237760,35664000,32692000,26748000
2024-02-26,6347.14,64289,3680.84,25468,4189.1124,2094.5562,3173.57,1904.142,1269.428,2037,764,63.47%,63471400,25388560,3808284000,3490927000,2856213000
2024-02-27,9008.12,8050,4026.37,31436,5945.3592,2972.6796,4504.06,2702.436,1801.624,2515,943,90.08%,90081200,36032480,5404872000,4954466000,4053654000
2024-02-28,5436.61,37093,331.72,41709,3588.1626,1794.0813,2718.305,1630.983,1087.322,3337,1251,54.37%,54366100,21746440,3261966000,2990135500,2446474500
2024-03-01,601.56,86018,1760.86,22790,397.0296,198.5148,300.78,180.468,120.312,1823,684,6.02%,6015600,2406240,360936000,330858000,270702000
2024-03-02,2402.1,74095,3825.57,42691,1585.386,792.693,1201.05,720.63,480.42,3415,1281,24.02%,24021000,9608400,1441260000,1321155000,1080945000
2024-03-03,7847.35,76748,2114.62,32570,5179.251,2589.6255,3923.675,2354.205,1569.47,2606,977,78.47%,78473500,31389400,4708410000,4316042500,3531307500
2024-03-04,2197.99,34058,2394.22,37846,1450.6734,725.3367,1098.995,659.397,439.598,3028,1135,21.98%,21979900,8791960,1318794000,1208894500,989095500
2024-03-05,7519.82,90338,2057.72,38541,4963.0812,2481.5406,3759.91,2255.946,1503.964,3083,1156,75.20%,75198200,30079280,4511892000,4135901000,3383919000
2024-03-06,8311.69,33154,2666.71,22297,5485.7154,2742.8577,4155.845,2493.507,1662.338,1784,669,83.12%,83116900,33246760,4987014000,4571429500,3740260500
2024-03-07,3408.5,63240,1372.76,13161,2249.61,1124.805,1704.25,1022.55,681.7,1053,395,34.09%,34085000,13634000,2045100000,1874675000,1533825000
2024-03-08,3517.32,97186,255.02,36164,2321.4312,1160.7156,1758.66,1055.196,703.464,2893,1085,35.17%,35173200,14069280,2110392000,1934526000,1582794000
2024-03-09,7012.28,67144,2669.58,26580,4628.1048,2314.0524,3506.14,2103.684,1402.456,2126,797,70.12%,70122800,28049120,4207368000,3856754000,3155526000
2024-03-10,1018.01,54085,599.97,8942,671.8866,335.9433,509.005,305.403,203.602,715,268,10.18%,10180100,4072040,610806000,559905500,458104500
2024-03-11,1053.79,96919,1140.75,31029,695.5014,347.7507,526.895,316.137,210.758,2482,931,10.54%,10537900,4215160,632274000,579584500,474205500
2024-03-12,2564.11,19536,307.54,41339,1692.3126,846.1563,1282.055,769.233,512.822,3307,1240,25.64%,25641100,10256440,1538466000,1410260500,1153849500
2024-03-13,8074.58,24369,1709.05,19373,5329.2228,2664.6114,4037.29,2422.374,1614.916,1550,581,80.75%,80745800,32298320,4844748000,4441019000,3633561000
2024-03-14,9084.43,98603,3496.94,3727,5995.7238,2997.8619,4542.215,2725.329,1816.886,298,112,90.84%,90844300,36337720,5450658000,4996436500,4087993500
2024-03-15,6865.95,90417,118.33,7046,4531.527,2265.7635,3432.975,2059.785,1373.19,564,211,68.66%,68659500,27463800,4119570000,3776272500,3089677500
2024-03-16,8458.1,51593,3432.59,38848,5582.346,2791.173,4229.05,2537.43,1691.62,3108,1165,84.58%,84581000,33832400,5074860000,4651955000,3806145000
2024-03-17,4686.88,80115,1371.4,2047,3093.3408,1546.6704,2343.44,1406.064,937.376,164,61,46.87%,46868800,18747520,2812128000,2577784000,2109096000
2024-03-18,1558.26,68372,171.47,28470,1028.4516,514.2258,779.13,467.478,311.652,2278,854,15.58%,15582600,6233040,934956000,857043000,701217000
2024-03-19,8378.63,39210,4462.37,22103,5529.8958,2764.9479,4189.315,2513.589,1675.726,1768,663,83.79%,83786300,33514520,5027178000,4608246500,3770383500
2024-03-20,1516.27,41345,2952.14,17144,1000.7382,500.3691,758.135,454.881,303.254,1372,514,15.16%,15162700,6065080,909762000,833948500,682321500
2024-03-21,6592.47,42341,3623.66,39583,4351.0302,2175.5151,3296.235,1977.741,1318.494,3167,1187,65.92%,65924700,26369880,3955482000,3625858500,2966611500
2024-03-22,1087.45,41212,2959.03,34249,717.717,358.8585,543.725,326.235,217.49,2740,1027,10.87%,10874500,4349800,652470000,598097500,489352500
2024-03-23,1378.08,52177,2230.43,8106,909.5328,454.7664,689.04,413.424,275.616,648,243,13.78%,13780800,5512320,826848000,757944000,620136000
2024-03-24,1050.86,61801,3491.72,33574,693.5676,346.7838,525.43,315.258,210.172,2686,1007,10.51%,10508600,4203440,630516000,577973000,472887000
2024-03-25,7854.91,17801,2735.47,37022,5184.2406,2592.1203,3927.455,2356.473,1570.982,2962,1111,78.55%,78549100,31419640,4712946000,4320200500,3534709500
2024-03-26,3779.29,6740,3467.27,15088,2494.3314,1247.1657,1889.645,1133.787,755.858,1207,453,37.79%,37792900,15117160,2267574000,2078609500,1700680500
2024-03-27,4123.62,98899,1462.66,12352,2721.5892,1360.7946,2061.81,1237.086,824.724,988,371,41.24%,41236200,16494480,2474172000,2267991000,1855629000
2024-03-28,5989.02,5700,3410.78,19390,3952.7532,1976.3766,2994.51,1796.706,1197.804,1551,582,59.89%,59890200,23956080,3593412000,3293961000,2695059000
2024-03-29,1562.84,55786,2719.35,12749,1031.4744,515.7372,781.42,468.852,312.568,1020,382,15.63%,15628400,6251360,937704000,859562000,703278000
2024-03-30,1182.05,4733,1118.43,41024,780.153,390.0765,591.025,354.615,236.41,3282,1231,11.82%,11820500,4728200,709230000,650127500,531922500
2024-03-31,6012.91,62260,3834.69,9791,3968.5206,1984.2603,3006.455,1803.873,1202.582,783,294,60.13%,60129100,24051640,3607746000,3307100500,2705809500
2024-04-01,2057.93,77785,256.09,26310,1358.2338,679.1169,1028.965,617.379,411.586,2105,789,20.58%,20579300,8231720,1234758000,1131861500,926068500
2024-04-02,7638.26,5792,2988.26,36874,5041.2516,2520.6258,3819.13,2291.478,1527.652,2950,1106,76.38%,76382600,30553040,4582956000,4201043000,3437217000
2024-04-03,6230.9,415,1656.61,25064,4112.394,2056.197,3115.45,1869.27,1246.18,2005,752,62.31%,62309000,24923600,3738540000,3426995000,2803905000
2024-04-04,6015.42,61836,624.76,30703,3970.1772,1985.0886,3007.71,1804.626,1203.084,2456,921,60.15%,60154200,24061680,3609252000,3308481000,2706939000
2024-04-05,9260.09,65880,2427.65,20326,6111.6594,3055.8297,4630.045,2778.027,1852.018,1626,610,92.60%,92600900,37040360,5556054000,5093049500,4167040500
2024-04-06,7883.23,27558,421.46,11978,5202.9318,2601.4659,3941.615,2364.969,1576.646,958,359,78.83%,78832300,31532920,4729938000,4335776500,3547453500
2024-04-07,4018.1,77839,2483.7,44963,2651.946,1325.973,2009.05,1205.43,803.62,3597,1349,40.18%,40181000,16072400,2410860000,2209955000,1808145000
2024-04-08,5602.61,41034,3199.56,8862,3697.7226,1848.8613,2801.305,1680.783,1120.522,709,266,56.03%,56026100,22410440,3361566000,3081435500,2521174500
2024-04-09,8206.16,90460,643.5,17793,5416.0656,2708.0328,4103.08,2461.848,1641.232,1423,534,82.06%,82061600,32824640,4923696000,4513388000,3692772000
2024-04-10,1510.3,22001,590.4,11390,996.798,498.399,755.15,453.09,302.06,911,342,15.10%,15103000,6041200,906180000,830665000,679635000
2024-04-11,7953.69,47395,2436.85,35718,5249.4354,2624.7177,3976.845,2386.107,1590.738,2857,1072,79.54%,79536900,31814760,4772214000,4374529500,3579160500
2024-04-12,329.63,62609,2984.33,41103,217.5558,108.7779,164.815,98.889,65.926,3288,1233,3.30%,3296300,1318520,197778000,181296500,148333500
2024-04-13,241.1,99340,3882.6,39775,159.126,79.563,120.55,72.33,48.22,3182,1193,2.41%,2411000,964400,144660000,132605000,108495000
2024-04-14,1647.3,83601,4122.59,9054,1087.218,543.609,823.65,494.19,329.46,724,272,16.47%,16473000,6589200,988380000,906015000,741285000
2024-04-15,7801.11,2791,3853.81,30349,5148.7326,2574.3663,3900.555,2340.333,1560.222,2428,910,78.01%,78011100,31204440,4680666000,4290610500,3510499500
2024-04-16,4095.48,74271,1526.18,13952,2703.0168,1351.5084,2047.74,1228.644,819.096,1116,419,40.95%,40954800,16381920,2457288000,2252514000,1842966000
2024-04-17,9050.77,46545,2264.03,42748,5973.5082,2986.7541,4525.385,2715.231,1810.154,3420,1282,90.51%,90507700,36203080,5430462000,4977923500,4072846500
2024-04-18,4252.37,23406,562.4,31072,2806.5642,1403.2821,2126.185,1275.711,850.474,2486,932,42.52%,42523700,17009480,2551422000,2338803500,1913566500
2024-04-19,4726.31,48294,1069.29,23238,3119.3646,1559.6823,2363.155,1417.893,945.262,1859,697,47.26%,47263100,18905240,2835786000,2599470500,2126839500
2024-04-20,5843.29,86571,767.5,38866,3856.5714,1928.2857,2921.645,1752.987,1168.658,3109,1166,58.43%,58432900,23373160,3505974000,3213809500,2629480500
2024-04-21,8170.07,11051,3830.69,41961,5392.2462,2696.1231,4085.035,2451.021,1634.014,3357,1259,81.70%,81700700,32680280,4902042000,4493538500,3676531500
2024-04-22,8820.59,77103,439.64,43245,5821.5894,2910.7947,4410.295,2646.177,1764.118,3460,1297,88.21%,88205900,35282360,5292354000,4851324500,3969265500
2024-04-23,1762.14,4961,4252.43,3399,1163.0124,581.5062,881.07,528.642,352.428,272,102,17.62%,17621400,7048560,1057284000,969177000,792963000
2024-04-24,5390.39,97786,1071.2,41057,3557.6574,1778.8287,2695.195,1617.117,1078.078,3285,1232,53.90%,53903900,21561560,3234234000,2964714500,2425675500
2024-04-25,5202.39,2426,3697.58,13611,3433.5774,1716.7887,2601.195,1560.717,1040.478,1089,408,52.02%,52023900,20809560,3121434000,2861314500,2341075500
2024-04-26,4210.72,63178,3555.98,15539,2779.0752,1389.5376,2105.36,1263.216,842.144,1243,466,42.11%,42107200,16842880,2526432000,2315896000,1894824000
2024-04-27,9919.93,71208,3406.4,22590,6547.1538,3273.5769,4959.965,2975.979,1983.986,1807,678,99.20%,99199300,39679720,5951958000,5455961500,4463968500
2024-04-28,9512.55,13048,3904.05,34871,6278.283,3139.1415,4756.275,2853.765,1902.51,2790,1046,95.13%,95125500,38050200,5707530000,5231902500,4280647500
2024-04-29,7429.55,44805,3345.33,5566,4903.503,2451.7515,3714.775,2228.865,1485.91,445,167,74.30%,74295500,29718200,4457730000,4086252500,3343297500
2024-04-30,8067.61,85108,4485.0,37541,5324.6226,2662.3113,4033.805,2420.283,1613.522,3003,1126,80.68%,80676100,32270440,4840566000,4437185500,3630424500
2024-05-01,2994.04,59985,4487.1,20839,1976.0664,988.0332,1497.02,898.212,598.808,1667,625,29.94%,29940400,11976160,1796424000,1646722000,1347318000
2024-05-02,2180.22,50510,3235.33,8928,1438.9452,719.4726,1090.11,654.066,436.044,714,268,21.80%,21802200,8720880,1308132000,1199121000,981099000
2024-05-03,6860.69,45209,590.64,18620,4528.0554,2264.0277,3430.345,2058.207,1372.138,1490,559,68.61%,68606900,27442760,4116414000,3773379500,3087310500
2024-05-04,7559.53,90245,2381.67,40602,4989.2898,2494.6449,3779.765,2267.859,1511.906,3248,1218,75.60%,75595300,30238120,4535718000,4157741500,3401788500
2024-05-05,9450.13,43357,1623.25,33503,6237.0858,3118.5429,4725.065,2835.039,1890.026,2680,1005,94.50%,94501300,37800520,5670078000,5197571500,4252558500
2024-05-06,5837.78,69871,1138.39,838,3852.9348,1926.4674,2918.89,1751.334,1167.556,67,25,58.38%,58377800,23351120,3502668000,3210779000,2627001000
2024-05-07,4076.41,97532,378.25,29582,2690.4306,1345.2153,2038.205,1222.923,815.282,2367,887,40.76%,40764100,16305640,2445846000,2242025500,1834384500
2024-05-08,7178.52,14756,4063.16,11666,4737.8232,2368.9116,3589.26,2153.556,1435.704,933,350,71.79%,71785200,28714080,4307112000,3948186000,3230334000
